"JaroslawKuzniar";"Jedno z najcudniejszych miast Å›wiata #podroze #goforworld @nycgov https://t.co/vWWMOPOsMr";"Fri Jan 19 21:17:28 +0000 2018";"1";"5";"623342";"podroze:goforworld"
"JaroslawKuzniar";"Szalone lÄ…dowania samolotÃ³w, latajÄ…ce kontenery i ludzie czyli #OrkanFryderyk w 100 sekund od @Onet_100 https://t.co/knjTOzWpQY";"Fri Jan 19 19:58:57 +0000 2018";"2";"6";"623342";"OrkanFryderyk"
"JaroslawKuzniar";"""Dobry wieczÃ³r, JarosÅ‚aw KuÅºniar @podrozeosobiste jutro rusza Pan z nami na IslandiÄ™ ğŸ‡®ğŸ‡¸ czy mogÄ™ w czymÅ› jeszcze doâ€¦ https://t.co/dSnw8IeWhm";"Fri Jan 19 18:56:39 +0000 2018";"0";"13";"623342";""
"JaroslawKuzniar";"Kawa z selfie? ğŸ™ˆ #podroze #goforworld https://t.co/IR76knHgUn";"Fri Jan 19 18:49:55 +0000 2018";"1";"7";"623342";"podroze:goforworld"
"JaroslawKuzniar";"Ile taki tweet u Ryczarda kosztuje ğŸ¤” https://t.co/Oz5YLo5bp7";"Fri Jan 19 16:49:01 +0000 2018";"2";"14";"623342";""
"JaroslawKuzniar";"Huraganowy wiatr sparaliÅ¼owaÅ‚ EuropÄ™. Najbardziej dotkliwe wichury byÅ‚y w Holandii i w Niemczech. KilkadziesiÄ…t tysâ€¦ https://t.co/DIVkyTWjuw";"Fri Jan 19 15:06:55 +0000 2018";"1";"3";"623342";""
"JaroslawKuzniar";"AleÅ¼ zabawa! NajwiÄ™ksza, naturalna Å›lizgawka Å›wiata â›¸ #goforworld #podroze https://t.co/9a9ulq4NjI";"Fri Jan 19 14:55:34 +0000 2018";"3";"5";"623342";"goforworld:podroze"
"JaroslawKuzniar";"AleÅ¼ siÄ™ bÄ™dzie klikaÄ‡ ğŸº #goforbeer Gdzie w Europie ğŸ¤” https://t.co/lPn41AooCd";"Fri Jan 19 10:26:36 +0000 2018";"2";"19";"623342";"goforbeer"
"JaroslawKuzniar";"ArtyÅ›ci na roczek @realDonaldTrump ğŸ‘ğŸ» W @OnetRano mistrz #Olbinski 7:55 #Wszedzie ğŸ–¥ğŸ’»ğŸ“± https://t.co/YMrUjnyNPN";"Fri Jan 19 06:11:26 +0000 2018";"2";"7";"623342";"Olbinski:Wszedzie"
"JaroslawKuzniar";"MaczetÄ… szyby jedzcze nie odladzaÅ‚em ğŸ¤” https://t.co/4hBuKRwusZ";"Fri Jan 19 06:06:43 +0000 2018";"3";"39";"623342";""
"JaroslawKuzniar";"Polskie dziewczyny w amerykaÅ„skich mediach ğŸ’ªğŸ» @nowthisnews @Onet_100 #RatujmyKobiety https://t.co/P3wOL31CAo";"Fri Jan 19 06:01:56 +0000 2018";"5";"18";"623342";"RatujmyKobiety"
"JaroslawKuzniar";"Ale najpierw w @OnetRano DZIÅš o 7:55 âœŠğŸ» @GosiaRdest ğŸ‘ğŸ» https://t.co/OXH6DRqfcu";"Fri Jan 19 05:27:06 +0000 2018";"1";"9";"623342";""
"JaroslawKuzniar";"Dron, ktÃ³ry ratuje Å¼ycie #Australia @podrozeosobiste #goforworld https://t.co/kmrLV1kuXm";"Fri Jan 19 05:25:11 +0000 2018";"3";"16";"623342";"Australia:goforworld"
"JaroslawKuzniar";"To sÄ…dy administracyjne teÅ¼ juÅ¼ po #ZiobryFikacji ? https://t.co/eMp8m2RIhx";"Thu Jan 18 21:24:40 +0000 2018";"3";"16";"623342";"ZiobryFikacji"
"JaroslawKuzniar";"PiÄ™kny kawaÅ‚ sztuki #goforworld #podroze https://t.co/keTm595NEn";"Thu Jan 18 20:23:16 +0000 2018";"0";"10";"623342";"goforworld:podroze"
"JaroslawKuzniar";"Teraz w #Warszawa â„ï¸ https://t.co/zoBNknFvtq";"Thu Jan 18 17:36:49 +0000 2018";"4";"57";"623342";"Warszawa"
"JaroslawKuzniar";"Ten dzieÅ„ kiedy 5 letnia Zofia dzwoni do Ciebie i rzuca: â€šSiema tata, chyba juÅ¼ czas na domâ€™ #DiabeÅ‚ https://t.co/GanKkxiYhn";"Thu Jan 18 17:21:20 +0000 2018";"3";"94";"623342";"DiabeÅ‚"
"JaroslawKuzniar";"Helloo! ğŸ¤­ #Antarktyda #goforworld https://t.co/ykmDJaOxmu";"Thu Jan 18 11:13:27 +0000 2018";"14";"79";"623342";"Antarktyda:goforworld"
"JaroslawKuzniar";"Pani minister @KempaBeata poszerzacz horyzontÃ³w  https://t.co/Zqqthhjzc6";"Thu Jan 18 11:02:39 +0000 2018";"9";"24";"623342";""
"JaroslawKuzniar";"A propos #AI o ktÃ³rym dzisiaj w @OnetRano z @Przegaa plotkowaliÅ›my ğŸ¤” https://t.co/Y8qKpdfOLP";"Thu Jan 18 09:53:54 +0000 2018";"0";"5";"623342";"AI"
"JaroslawKuzniar";"Gotowy na @OnetRano a Wy ğŸ¤­ https://t.co/npnPvsvfcg";"Thu Jan 18 06:54:15 +0000 2018";"1";"37";"623342";""
"JaroslawKuzniar";"DzieÅ„ dobry! O 7:55 #CzarnyProtest nowa polska waluta dPLN @dakar i profesor Andrzej Zoll ğŸ“±ğŸ–¥ğŸ’» #Wszedzie @OnetRano https://t.co/JGL3jxsyww";"Thu Jan 18 06:20:17 +0000 2018";"2";"5";"623342";"CzarnyProtest:Wszedzie"
"JaroslawKuzniar";"Dnia peÅ‚nego mocnych wraÅ¼eÅ„ ğŸ¤›ğŸ» https://t.co/nvoT9aJ6Af";"Thu Jan 18 06:17:03 +0000 2018";"1";"13";"623342";""
"JaroslawKuzniar";"Zegarek chodzÄ…cy do tyÅ‚u ğŸ¤” BiorÄ™ #DzienDobry @OnetRano o 7:55 ğŸ’ªğŸ»#Wszedzie ğŸ’»ğŸ“±ğŸ–¥ https://t.co/bdd7ParTR3";"Thu Jan 18 05:13:18 +0000 2018";"1";"24";"623342";"DzienDobry:Wszedzie"
"JaroslawKuzniar";"Oj... nie tylko my Å›wiÄ™tujemy w tym roku okrÄ…gÅ‚Ä… rocznicÄ™ niepodlegÅ‚oÅ›ci #goforworld #podroze https://t.co/I86milwKdh";"Wed Jan 17 21:33:23 +0000 2018";"2";"24";"623342";"goforworld:podroze"
"JaroslawKuzniar";"Zawsze kiedy ostrzegamy, Å¼e ten kraj wciÄ…ga i nie puszcza zgÅ‚asza siÄ™ do nas jeszcze wiÄ™cej chÄ™tnych ğŸ‡®ğŸ‡¸ #Islandiaâ€¦ https://t.co/3laXjPtp5Q";"Wed Jan 17 21:04:50 +0000 2018";"1";"9";"623342";"Islandia"
"JaroslawKuzniar";"Gdzie i kto rusza w Å›wiat bez wiz? Zobaczcie nowy raport #podroze #goforworld Nie hejtujcie NiemcÃ³w ğŸ˜‰ https://t.co/iiD4BUSUrj";"Wed Jan 17 19:57:44 +0000 2018";"2";"11";"623342";"podroze:goforworld"
"JaroslawKuzniar";"Uwielbiam inteligentnych trolli w spÃ³dnicyğŸ‘ğŸ» https://t.co/8QAiFCif5P";"Wed Jan 17 18:07:52 +0000 2018";"0";"25";"623342";""
"JaroslawKuzniar";"Zdecydowanie najwiÄ™cej powodÃ³w do radoÅ›ci majÄ… Niemcy â€“ bez wizy mogÄ… podrÃ³Å¼owaÄ‡ aÅ¼ do 177 krajÃ³w #goforworldâ€¦ https://t.co/SqgF3zkr3V";"Wed Jan 17 09:41:01 +0000 2018";"2";"12";"623342";"goforworld"
"JaroslawKuzniar";"Brawo #Mleczko w @Polityka_pl ğŸ¤­ @OnetRano https://t.co/O7X8yrKsgn";"Wed Jan 17 08:19:53 +0000 2018";"9";"76";"623342";"Mleczko"
"JaroslawKuzniar";"Zmiany, zmiany, zmiany... @OnetRano âœŠğŸ» https://t.co/vsmSgTB6gQ";"Wed Jan 17 06:45:54 +0000 2018";"3";"17";"623342";""
"JaroslawKuzniar";"LubiÄ™ Richarda @r_czarnecki âœŠğŸ» https://t.co/1M4arjlbg9";"Wed Jan 17 06:12:03 +0000 2018";"12";"65";"623342";""
"JaroslawKuzniar";"Czas siÄ™ z niÄ… zmierzyÄ‡ #DzienDobry ğŸ’ªğŸ» https://t.co/kH8GbeLZF8";"Wed Jan 17 05:45:11 +0000 2018";"2";"28";"623342";"DzienDobry"
"JaroslawKuzniar";"Tak czuÅ‚em, ale co lekarz to lekarz ğŸ˜‰ https://t.co/jnmDDzt3c8";"Tue Jan 16 21:05:15 +0000 2018";"0";"21";"623342";""
"JaroslawKuzniar";"Ten #ogorkizm czytaÅ‚bym chÄ™tnie w @OnetRano z podziaÅ‚em na role ğŸ¤­ Co Ty na to @OjciecRedaktor ğŸ§ https://t.co/XDnyhyBNwu";"Tue Jan 16 20:56:55 +0000 2018";"8";"43";"623342";"ogorkizm"
"JaroslawKuzniar";"17-godzinny film nagrany z pociÄ…gu hitem w #Australia OglÄ…daÅ‚bym #goforworld #podroze https://t.co/9fIV83AZPT";"Tue Jan 16 15:17:03 +0000 2018";"0";"18";"623342";"Australia:goforworld:podroze"
"JaroslawKuzniar";"Kraj do zakochania #Islandia ğŸ‡®ğŸ‡¸ Za chwilÄ™ nasza Ekipa z @KarolWojcicki zaczyna swojÄ… nowÄ… przygodÄ™ #goforworldâ€¦ https://t.co/GPNKo4EXer";"Tue Jan 16 14:30:50 +0000 2018";"1";"12";"623342";"Islandia:goforworld"
"JaroslawKuzniar";"Ja juÅ¼ gotowy na akcjÄ™ ğŸ’ªğŸ» @OnetRano jak zawsze #Wszedzie ğŸ“±ğŸ’»ğŸ–¥ Startujemy za 5 minut ğŸ¤›ğŸ» https://t.co/xJ4I7GEaZb";"Tue Jan 16 06:50:50 +0000 2018";"3";"28";"623342";"Wszedzie"
"JaroslawKuzniar";"Wtorek odwoÅ‚any ğŸ¤¦ğŸ¼â€â™‚ï¸ A @OnetRano A 7:55 ğŸ¤­ ğŸ–¥ğŸ’»ğŸ“± Co z rozmowÄ… z Jerzym #Owsiakâ€™iem z @fundacjawosp ğŸ˜‰https://t.co/uxbffeikR6";"Tue Jan 16 06:15:53 +0000 2018";"0";"8";"623342";"Owsiak"
"JaroslawKuzniar";"WyobraÅºcie sobie, Å¼e na Å›wiecie znikajÄ… wszystkie granice... via @TheEconomist #goforworld #podroze https://t.co/bLOqBcc6vU";"Tue Jan 16 06:00:03 +0000 2018";"1";"4";"623342";"goforworld:podroze"
"JaroslawKuzniar";"SzmalcujÄ… obiektywizm ğŸ‘ğŸ» @r_czarnecki https://t.co/7JJ835tYHJ";"Tue Jan 16 05:58:24 +0000 2018";"4";"33";"623342";""
"JaroslawKuzniar";"Czas do @OnetRano DzieÅ„ dobry ğŸ¤­ https://t.co/g7WEDRiMDZ";"Tue Jan 16 05:29:57 +0000 2018";"5";"83";"623342";""
"JaroslawKuzniar";"Panie Jacku, zasada jest brutalna, ale nie do przeskoczenia: liczy siÄ™ caÅ‚a Polska, a nie tylko rodziny pracownikÃ³wâ€¦ https://t.co/FjtsVVFv7K";"Mon Jan 15 23:09:56 +0000 2018";"14";"89";"623342";""
"JaroslawKuzniar";"PÃ³Åºne, nocne 5 km z rekordem czasowym przy -5 stopniach, bezchmurnym niebie i lekkim wietrze #Bezcenne Teraz moÅ¼naâ€¦ https://t.co/1TLc5BTY56";"Mon Jan 15 23:07:11 +0000 2018";"0";"22";"623342";"Bezcenne"
"JaroslawKuzniar";"JeÅ›li juÅ¼ rozmarzaÄ‡ siÄ™ na noc to przy czymÅ› naprawdÄ™ piÄ™knym #TOP8 #goforworld #podroze https://t.co/cfCYegKqWw";"Mon Jan 15 21:07:05 +0000 2018";"0";"25";"623342";"TOP8:goforworld:podroze"
"JaroslawKuzniar";"PiÄ™kne sÄ… te fotografie #Meksyk #Oaxaca SiÅ‚a spokoju #goforworld #podroze https://t.co/yaeIc44Nvz";"Mon Jan 15 20:55:50 +0000 2018";"0";"10";"623342";"Meksyk:Oaxaca:goforworld:podroze"
"JaroslawKuzniar";"Nie zwalniamy w @OnetRano Ostatnie dni to nasz wspÃ³lny z Widzami rekordowy czas. Jutro od 7:55 #Owsiakâ€¦ https://t.co/MNcaVPFiFi";"Mon Jan 15 18:44:24 +0000 2018";"2";"15";"623342";"Owsiak"
"JaroslawKuzniar";"âš½ï¸ dziÄ™ki #Mundial Gdansk zyska nowe poÅ‚Ä…czenie z #Rosja #goforworld #podroze https://t.co/rrGv97bQSz";"Mon Jan 15 17:07:22 +0000 2018";"0";"6";"623342";"Mundial:Rosja:goforworld:podroze"
"JaroslawKuzniar";"CzÄ™sto nie widzÄ™ rÃ³Å¼nicy ğŸ˜‰ #bluemonday2018 https://t.co/7MG1r5uYf8";"Mon Jan 15 16:51:30 +0000 2018";"4";"16";"623342";"bluemonday2018"
"JaroslawKuzniar";"Czy Ratujmy Kobiety bÄ™dzie partiÄ…? #Glosowalbym https://t.co/B13fq4YauJ";"Mon Jan 15 16:48:22 +0000 2018";"8";"37";"623342";"Glosowalbym"
"JaroslawKuzniar";"A wieszanie? @PK_GOV_PL https://t.co/6sBX3AqyCK";"Mon Jan 15 16:40:44 +0000 2018";"1";"8";"623342";""
"JaroslawKuzniar";"Upssss #NieTrzebaGraffiti @realDonaldTrump  https://t.co/9yO0YtovhC";"Mon Jan 15 16:31:51 +0000 2018";"0";"6";"623342";"NieTrzebaGraffiti"
"JaroslawKuzniar";"Drobna ucieczka do #Agadir #Maroko #ChillOut #goforworld #podroze https://t.co/aiC89T05pJ";"Mon Jan 15 16:03:11 +0000 2018";"0";"9";"623342";"Agadir:Maroko:ChillOut:goforworld:podroze"
"JaroslawKuzniar";"Jest co podziwiaÄ‡! Lokalsi wciÄ…Å¼ kultywujÄ… swoje tradycje i sÄ… z nich bardzo dumni, a podrÃ³Å¼nicy, ktÃ³rzy majÄ… okazjâ€¦ https://t.co/0tdKLxGMy7";"Mon Jan 15 15:07:14 +0000 2018";"1";"13";"623342";""
"JaroslawKuzniar";"Zdemontowano go kilka dni temu i wrÃ³ci dopiero pod koniec wakacji #Praga bez symbolu #goforworld #podroze https://t.co/j7O3CXsslM";"Mon Jan 15 14:03:01 +0000 2018";"0";"7";"623342";"Praga:goforworld:podroze"
"JaroslawKuzniar";"Niby oczywistoÅ›Ä‡ na trasie po #Turcja ale zawsze robi dobre wraÅ¼enie #podroze #goforworld https://t.co/QprHIeReMq";"Mon Jan 15 13:21:40 +0000 2018";"2";"15";"623342";"Turcja:podroze:goforworld"
"JaroslawKuzniar";"Jakiemu i SzydÅ‚o radzÄ™ nie wchodziÄ‡ na tÄ™ stronÄ™ ğŸ‘‰ğŸ» https://t.co/lAI85Y15HD ğŸ¤­ @fundacjawosp ğŸ‘ğŸ» #WOSP #OnetRANOâ€¦ https://t.co/ZhxsQwtmN8";"Mon Jan 15 07:26:36 +0000 2018";"28";"197";"623342";"WOSP:OnetRANO"
"JaroslawKuzniar";"Normalnie byÅ‚oby to niedoszacowanie ğŸ¤­ https://t.co/geWzFFqnTh";"Mon Jan 15 07:23:16 +0000 2018";"4";"32";"623342";""
"JaroslawKuzniar";"DziÄ™kujÄ™ @fundacjawosp za przyÅ‚apanie na gorÄ…cym uczynku â¤ï¸@OnetRano miaÅ‚ dziÅ› grajÄ…c z #WOSP rekordowÄ… oglÄ…dalnoÅ›Ä‡â€¦ https://t.co/KkcEbNQabW";"Sun Jan 14 17:19:40 +0000 2018";"23";"206";"623342";"WOSP"
"JaroslawKuzniar";"PiÄ™knie siÄ™ zimie udaÅ‚o ğŸ¤­ #Niagara #podroze #goforworld https://t.co/mr9JMjJKKq";"Sun Jan 14 16:18:06 +0000 2018";"7";"32";"623342";"Niagara:podroze:goforworld"
"JaroslawKuzniar";"Orkiestrowe @onetrano z rekordem â¤ï¸ DziÄ™kujÄ™ i gramy dalej âœŠğŸ» https://t.co/5mJenbcY4f";"Sun Jan 14 14:22:07 +0000 2018";"31";"170";"623342";""
"JaroslawKuzniar";"ZrobiliÅ›my to po cichu, ale efekt jest Å›wietny! DziÄ™ki technologii @vintomcom Jerzy #Owsiak dziÄ™kuje kaÅ¼demu osobiÅ›â€¦ https://t.co/OQdIxqJl13";"Sun Jan 14 13:39:00 +0000 2018";"20";"57";"623342";"Owsiak"
"JaroslawKuzniar";"Kiedy widziaÅ‚em ostatnio @lewy_official na Å¼ywo byÅ‚ bardziej ruchliwy â¤ï¸ do wylicytowania dla @fundacjawosp Lewy zâ€¦ https://t.co/VcbJjhDASy";"Sun Jan 14 10:51:07 +0000 2018";"1";"18";"623342";""
"JaroslawKuzniar";"Specjalne @OnetRano dla @fundacjawosp od 9:00 âœŠğŸ» #OnetGrazWOSP podobnie jak #MastercardGrazWOSP â¤ï¸ https://t.co/ikqcylz2jX";"Sun Jan 14 07:42:08 +0000 2018";"19";"57";"623342";"OnetGrazWOSP:MastercardGrazWOSP"
"JaroslawKuzniar";"Przewodnik po Å›wiecie od @realDonaldTrump via @nowthisnews ğŸ¤¦ğŸ¼â€â™‚ï¸ https://t.co/9W57y8QcGb";"Sun Jan 14 07:05:24 +0000 2018";"5";"13";"623342";""
"JaroslawKuzniar";"JuÅ¼ dziÅ› wielki odcinek #OnetRANO dla Fundacji WOÅšP. BÄ™dÄ… z nami: Jurek Owsiak, Agata @MAgatatvp, @HolowczycBlog ,â€¦ https://t.co/9LGdsMz6CS";"Sun Jan 14 06:34:05 +0000 2018";"13";"56";"623342";"OnetRANO"
"JaroslawKuzniar";"Co powiecie na kawÄ™ w stylu filmu â€La la Landâ€? Lekko, smacznie, z humorem. DajÄ… takÄ… w #LosAngeles â˜•ï¸ #podrozeâ€¦ https://t.co/vuLliD1GXT";"Sun Jan 14 06:30:39 +0000 2018";"3";"13";"623342";"LosAngeles:podroze"
"JaroslawKuzniar";"Silna â„ï¸ pokonaÅ‚a wodospad #Niagara #podroze #USA #Kanada #goforworld https://t.co/fHMqVcGBUD";"Sat Jan 13 17:01:28 +0000 2018";"5";"23";"623342";"Niagara:podroze:USA:Kanada:goforworld"
"JaroslawKuzniar";"Zobaczcie jak ekipa #NASA zbiera swoje materiaÅ‚y z topniejÄ…cej #Grenlandia #podroze #goforworld https://t.co/QsBa2pPp7j";"Sat Jan 13 13:46:11 +0000 2018";"4";"14";"623342";"NASA:Grenlandia:podroze:goforworld"
"JaroslawKuzniar";"ZostaÅ‚ przyÅ‚apany na wspinaczce na najwyÅ¼sze mosty i jedne z najwyÅ¼szych budynkÃ³w w @nycgov ChciaÅ‚ uchwyciÄ‡ idealneâ€¦ https://t.co/rig7uUXHSM";"Sat Jan 13 12:03:07 +0000 2018";"3";"10";"623342";""
"JaroslawKuzniar";"Przy mrozie za oknem ten tekst wchodzi w gÅ‚owÄ™ gÅ‚Ä™biej ğŸ¤­ #goforworld #podroze https://t.co/DjOs8mvAgr";"Sat Jan 13 11:39:34 +0000 2018";"0";"14";"623342";"goforworld:podroze"
"JaroslawKuzniar";"DÅ¼ami Ul-Afar, czerwony meczet ze #SriLanka, jeden z najpiÄ™kniejszych symboli tego regionu #goforworld #podroze https://t.co/2wgTosjzBX";"Sat Jan 13 10:05:06 +0000 2018";"3";"17";"623342";"SriLanka:goforworld:podroze"
"JaroslawKuzniar";"ğŸ¥‘ Kawa z najbardziej naturalnej filiÅ¼anki na Å›wiecie â˜•ï¸ #podroze #goforworld #gofortaste https://t.co/kJdSqR5gPb";"Sat Jan 13 07:24:30 +0000 2018";"2";"15";"623342";"podroze:goforworld:gofortaste"
"JaroslawKuzniar";"Ponadczasowe ğŸ¤­ https://t.co/OlF55vHGov";"Fri Jan 12 16:15:08 +0000 2018";"6";"52";"623342";""
"JaroslawKuzniar";"Padniecie na widok tej filiÅ¼anki! â˜•ï¸ #Kawa #coffelover #goforworld #podroze https://t.co/lfrChMyjre";"Fri Jan 12 13:10:57 +0000 2018";"0";"10";"623342";"Kawa:coffelover:goforworld:podroze"
"JaroslawKuzniar";"Nie moje klimaty, ale wiem, Å¼e kochacie ten region Å›wiata #Zanzibar ZrobiliÅ›my w @podrozeosobiste ranking miejsc taâ€¦ https://t.co/jXJnmLSnEe";"Fri Jan 12 09:57:02 +0000 2018";"1";"8";"623342";"Zanzibar"
"JaroslawKuzniar";"Szybka ucieczka do #Rumunia #goforworld #podroze https://t.co/yIjk4Pg7pg";"Fri Jan 12 09:13:00 +0000 2018";"1";"8";"623342";"Rumunia:goforworld:podroze"
"JaroslawKuzniar";"Mega zima w #USA sprawia, Å¼e zwierzÄ™ta odlatujÄ… w rÃ³Å¼ne stany skupienia. Krokodyle majÄ… swÃ³j sposÃ³b przeczekaniaâ€¦ https://t.co/BQUW9GtLVF";"Fri Jan 12 08:53:59 +0000 2018";"0";"5";"623342";"USA"
"JaroslawKuzniar";"PiÅ‚eÅ› nie pisz ğŸ¤¦ğŸ¼â€â™‚ï¸ @OnetRano od 7:55 ğŸ’»ğŸ“±ğŸ–¥ https://t.co/swH6IJM0pa";"Fri Jan 12 07:00:51 +0000 2018";"4";"43";"623342";""
"JaroslawKuzniar";"Do prawdziwej biografii KaczyÅ„skiego (na zaÅ›) idealne ğŸ˜‰ https://t.co/DSIKHbh3cW";"Fri Jan 12 06:21:30 +0000 2018";"3";"12";"623342";""
"JaroslawKuzniar";"Od jednego z CzytelnikÃ³w ğŸ˜‚ Ja tam biorÄ™ zasÅ‚ugi @BoniekZibi w ciemno âœŠğŸ» Tak to @Twitter moÅ¼e fakeowaÄ‡ https://t.co/cnedrk8add";"Fri Jan 12 06:10:50 +0000 2018";"1";"16";"623342";""
"JaroslawKuzniar";"ğŸ˜‚ #RatujmyKobiety https://t.co/ZUVFMvn6Bz";"Fri Jan 12 05:59:45 +0000 2018";"2";"13";"623342";"RatujmyKobiety"
"JaroslawKuzniar";"U nas podobnie tylko biaÅ‚o ğŸ¤­ #Dubai by Jordan Hammond #DzieÅ„Dobry z drogi do @OnetRano Startujemy o 7:55 #Wszedzieâ€¦ https://t.co/yfFK61dLWv";"Fri Jan 12 05:58:55 +0000 2018";"1";"29";"623342";"Dubai:DzieÅ„Dobry:Wszedzie"
"JaroslawKuzniar";"W Karolinie PÃ³Å‚nocnej krokodyle hibernujÄ… w zamarzniÄ™tych jeziorach, a tymczasem na Florydzie, gdzie Å›nieg przykryÅ‚â€¦ https://t.co/htFBlIJI3A";"Thu Jan 11 21:19:14 +0000 2018";"0";"10";"623342";""
"JaroslawKuzniar";"â€šSfera miÄ™dzynarodowaâ€™ nie lubi takich napuszonych, wiecznie niedowartoÅ›ciowanych krajÃ³w #PoProstu https://t.co/7EHmUf7DEe";"Thu Jan 11 18:59:05 +0000 2018";"1";"31";"623342";"PoProstu"
"JaroslawKuzniar";"Kto chciaÅ‚by odpaliÄ‡ @OnetRano ğŸ¤¦ğŸ»â€â™‚ï¸ #Licytacja @fundacjawosp ğŸ‘ŠğŸ»  https://t.co/k5aN6rPFzA";"Thu Jan 11 18:39:12 +0000 2018";"11";"26";"623342";"Licytacja"
"JaroslawKuzniar";"To moÅ¼e byÄ‡ praca Å¼ycia ğŸš€ #goforworld #podroze https://t.co/Tz1YSkbsGR";"Thu Jan 11 17:49:13 +0000 2018";"2";"6";"623342";"goforworld:podroze"
"JaroslawKuzniar";"A to PiS miaÅ‚ przegraÄ‡ z #PiS jak mÃ³wiÅ‚ @donaldtusk w @tygodnik https://t.co/3RjxgXfkQw";"Thu Jan 11 16:50:24 +0000 2018";"2";"9";"623342";"PiS"
"JaroslawKuzniar";"MiaÅ‚o byÄ‡ ostro... ByÅ‚o ğŸ¤›ğŸ» https://t.co/7tIPiBzBVD";"Thu Jan 11 15:49:45 +0000 2018";"0";"5";"623342";""
"JaroslawKuzniar";"Brakuje mi emotikonu trumny. A nie, jest âš°ï¸ https://t.co/ExNW8oeyZr";"Thu Jan 11 14:20:59 +0000 2018";"1";"23";"623342";""
"JaroslawKuzniar";"A tymczasem ğŸ’ªğŸ»â¤ï¸ #WOSP i @abramowiczd ğŸš²  https://t.co/HitxwBeN3w";"Thu Jan 11 11:47:25 +0000 2018";"1";"8";"623342";"WOSP"
"JaroslawKuzniar";"MoÅ¼esz zarobiÄ‡ sporo pieniÄ™dzy, zwiedzajÄ…c pociÄ…gami WielkÄ… BrytaniÄ™ #BioreTo #podroze #goforworld https://t.co/7dC3xjFyzk";"Thu Jan 11 10:17:29 +0000 2018";"2";"9";"623342";"BioreTo:podroze:goforworld"
"JaroslawKuzniar";"I brzmi i wyglÄ…da doskonale to miejsce na ziemi #WyspyOwcze ğŸŒ #goforworld #podroze https://t.co/zGo5NVrGMy";"Thu Jan 11 08:56:49 +0000 2018";"0";"10";"623342";"WyspyOwcze:goforworld:podroze"
"JaroslawKuzniar";"CaÅ‚a prawda o mnie w @OnetRano ğŸ¤­ 7:55 #Wszedzie ğŸ“±ğŸ’»ğŸ–¥ https://t.co/8vIWMCPwOb";"Thu Jan 11 06:52:29 +0000 2018";"1";"26";"623342";"Wszedzie"
"JaroslawKuzniar";"BÄ™dÄ… limity na cudo Å›wiata #podroze #goforworld https://t.co/aXcTI47CoK";"Thu Jan 11 06:47:01 +0000 2018";"1";"9";"623342";"podroze:goforworld"
"JaroslawKuzniar";"JuÅ¼ wiemy gdzie byÅ‚a opozycja wczoraj wieczorem zamiast gÅ‚osowaÄ‡ w #Sejm https://t.co/hp37Z8ONUl";"Thu Jan 11 06:22:28 +0000 2018";"11";"81";"623342";"Sejm"
"JaroslawKuzniar";"DzieÅ„ dobry @ChopinAirport jak to teraz wyglÄ…da ğŸ¤” Pracujecie na 100%? #podroze @podrozeosobiste https://t.co/a6wK8zGZw6";"Thu Jan 11 06:18:23 +0000 2018";"1";"7";"623342";"podroze"
"JaroslawKuzniar";"Cholera ğŸ˜’ @rafal_sonik #WracajDoZdrowia âœŠğŸ» https://t.co/RYwNYiVUT5";"Thu Jan 11 06:10:31 +0000 2018";"4";"9";"623342";"WracajDoZdrowia"
"JaroslawKuzniar";"Åšnieg na #Sahara ğŸ¤­ DzieÅ„ dobry @podrozeosobiste #podroze #goforworld https://t.co/w2YytObvJp";"Thu Jan 11 05:49:13 +0000 2018";"2";"23";"623342";"Sahara:podroze:goforworld"
"JaroslawKuzniar";"No tak, to pewnie byÅ‚ pierwszy dzieÅ„ w Sejmie #WypadekPrzyPracy https://t.co/oMFLmb6a1b";"Wed Jan 10 23:33:10 +0000 2018";"1";"36";"623342";"WypadekPrzyPracy"
"JaroslawKuzniar";"Dobra zmiana = dobra noc ğŸ¤­ https://t.co/4CVO2Keqm4";"Wed Jan 10 23:16:59 +0000 2018";"9";"20";"623342";""
"JaroslawKuzniar";"Fajny szef. Nie wspomina co to byÅ‚ za cyrk, Å¼eby nie zawstydzaÄ‡ pracownikÃ³w ğŸ‘ğŸ» https://t.co/UBg2PbQkSY";"Wed Jan 10 22:41:46 +0000 2018";"2";"20";"623342";""
"JaroslawKuzniar";"GasnÄ…ce show #miesiecznica Nareszcie via @daguuniaa https://t.co/o7jt44XnBY";"Wed Jan 10 21:33:30 +0000 2018";"8";"48";"623342";"miesiecznica"
"JaroslawKuzniar";"Jak pokazaÄ‡, Å¼e to nie Å¼arty #Grenlandia #podrÃ³Å¼e #goforworld Jhttp://bit.ly/2qRkXE4";"Wed Jan 10 21:04:15 +0000 2018";"0";"2";"623342";"Grenlandia:podrÃ³Å¼e:goforworld"
"JaroslawKuzniar";"ZerkaÅ‚bym! NiezwykÅ‚y rezerwat w #USA #podroze #goforworld https://t.co/hevqZkHz4U";"Wed Jan 10 20:33:06 +0000 2018";"2";"14";"623342";"USA:podroze:goforworld"
"JaroslawKuzniar";"Plan jest taki, by kaÅ¼dego dnia TadÅº Mahal zwiedzaÅ‚o najwyÅ¼ej czterdzieÅ›ci tysiÄ™cy ludzi #podrozxe #Indieâ€¦ https://t.co/WkD706p6Ks";"Wed Jan 10 20:13:17 +0000 2018";"0";"3";"623342";"podrozxe:Indie"
"JaroslawKuzniar";"WAÅ»NE @ChopinAirport zamkniÄ™te na 4 godziny @podrozeosobiste https://t.co/MHabsoXclT";"Wed Jan 10 19:19:21 +0000 2018";"2";"6";"623342";""
"JaroslawKuzniar";"DostaliÅ›my od naszych ğŸ‡¦ğŸ‡¹ austriackich PartnerÃ³w #OnetOnTour takÄ… laurkÄ™, Å¼e aÅ¼ zawstyd pokazywaÄ‡ jÄ… tutaj. Fajnie,â€¦ https://t.co/PzFZzEwHnI";"Wed Jan 10 15:33:00 +0000 2018";"2";"12";"623342";"OnetOnTour"
"JaroslawKuzniar";"Fajny koniec Å›wiata. Nawet na tych skÄ…pych zdjÄ™ciach #podroze #goforworld https://t.co/F3QDNJbGPQ";"Wed Jan 10 15:12:37 +0000 2018";"0";"4";"623342";"podroze:goforworld"
"JaroslawKuzniar";"Czy sprawdzicie przy okazji @MS_GOV_PL i @PK_GOV_PL czy prezeska TK jest jak Å‚za ğŸ¤” https://t.co/h5QlQ3KEjb";"Wed Jan 10 14:53:30 +0000 2018";"1";"5";"623342";""
"JaroslawKuzniar";"It was a pleasure to be your host ğŸ˜‰ https://t.co/co57lPWMj1";"Wed Jan 10 14:50:51 +0000 2018";"0";"2";"623342";""
"JaroslawKuzniar";"Operacja #IceBridge ZbierajÄ… dane na Grenlandii, Å¼eby pomÃ³c Å›wiatu zrozumieÄ‡, w jaki sposÃ³b topnienie lodu wpÅ‚ywa nâ€¦ https://t.co/5oheyi0uVl";"Wed Jan 10 13:45:10 +0000 2018";"0";"8";"623342";"IceBridge"
"JaroslawKuzniar";"Prawdziwie wyglÄ…da #Mleczko w @Polityka_pl ğŸ¤­ https://t.co/aQKk1eMRFj";"Wed Jan 10 08:49:26 +0000 2018";"5";"27";"623342";"Mleczko"
"JaroslawKuzniar";"Tusk attacks @donaldtusk ğŸ¤­ https://t.co/bsPmRG3ro1";"Wed Jan 10 06:20:18 +0000 2018";"1";"1";"623342";""
"JaroslawKuzniar";"A jeszcze 10, 15? lat temu na hasÅ‚o â€šzakupy w Internecieâ€™ wielu reagowaÅ‚o dreszczem ğŸ’ªğŸ» https://t.co/OerpYjgXo0";"Wed Jan 10 06:19:13 +0000 2018";"2";"3";"623342";""
"JaroslawKuzniar";"Z takÄ… druÅ¼ynÄ… moÅ¼na na powaÅ¼nie myÅ›leÄ‡ o wygraniu mundialu. Nie jednego âœŠğŸ» #rekonstrukcjarzadu https://t.co/t3BqXtY9G9";"Wed Jan 10 06:05:43 +0000 2018";"0";"21";"623342";"rekonstrukcjarzadu"
"JaroslawKuzniar";"Co zrobiÄ‡, Å¼eby zostaÄ‡ szefem MSWiA ğŸ¤” Zabierz Prezesa na ryby @Onet_100 https://t.co/roeeS7amld";"Wed Jan 10 06:02:12 +0000 2018";"21";"99";"623342";""
"JaroslawKuzniar";"Sam nie wiem ğŸ˜‚czy ğŸ˜¢ #rekonstrukcjarzadu https://t.co/EPtqMDDJlH";"Wed Jan 10 05:59:07 +0000 2018";"0";"4";"623342";"rekonstrukcjarzadu"
"JaroslawKuzniar";"ğŸ± o nie, #FestiwalKotÃ³w ğŸ§ w #Vancouver #Kanda #podroze #goforworld https://t.co/q9Z5EixTiE";"Tue Jan 09 20:44:34 +0000 2018";"2";"28";"623342";"FestiwalKotÃ³w:Vancouver:Kanda:podroze:goforworld"
"JaroslawKuzniar";"Dopiero teraz widzÄ™, Å¼e wy na powaÅ¼nie przejmujecie siÄ™ #rekonstrukcjarzadu Jakby po Waszczykowskim, Macierewiczu,â€¦ https://t.co/67V2Gs0JWi";"Tue Jan 09 07:10:03 +0000 2018";"157";"958";"623342";"rekonstrukcjarzadu"
"JaroslawKuzniar";"SpaÅ‚bym ğŸ¤­ ChociaÅ¼ jednÄ… noc #podroze #goforworld https://t.co/ujESUh2HXW";"Tue Jan 09 07:04:35 +0000 2018";"0";"14";"623342";"podroze:goforworld"
"JaroslawKuzniar";"â˜•ï¸ w kaÅ¼dych iloÅ›ciach! @OnetRano za 5 minut a ja w #Monachium ğŸ¤­BiegnÄ™! @iwonakutyna Å‚ap kierownicÄ™. Ja stawiam â˜•ï¸ https://t.co/x3KYyDbC8N";"Tue Jan 09 06:50:47 +0000 2018";"2";"23";"623342";"Monachium"
"JaroslawKuzniar";"WyobraÅºcie sobie najbardziej niezwykÅ‚Ä… biznesowÄ… rzecz. Pracujecie dÅ‚ugo Å¼eby siÄ™ speÅ‚niÅ‚a. Walczycie, bo warto posâ€¦ https://t.co/9l1Mx0WR5T";"Mon Jan 08 23:26:16 +0000 2018";"2";"49";"623342";""
"JaroslawKuzniar";"Nowa agencja ochrony. Orszak tylko dla orszakÃ³w! https://t.co/WQA2gtVoht";"Mon Jan 08 17:24:55 +0000 2018";"5";"21";"623342";""
"JaroslawKuzniar";"Åšwietny pomysÅ‚ na park narodowy #USA #podroze #goforworld https://t.co/CE9QvkEckQ";"Mon Jan 08 10:23:36 +0000 2018";"2";"13";"623342";"USA:podroze:goforworld"
"JaroslawKuzniar";"Nie ma siÄ™ co ograniczaÄ‡. Dwa miejsce na wrzask z przejÄ™cia lepsze niÅ¼ jedno #Chiny #podroze #goforoworld https://t.co/B2jJzf0bYP";"Mon Jan 08 09:31:52 +0000 2018";"1";"19";"623342";"Chiny:podroze:goforoworld"
"JaroslawKuzniar";"UmÃ³wieni âœŠğŸ» #dakar2018 #Sonik ğŸ’ªğŸ» https://t.co/zGjeqyhH7X";"Mon Jan 08 00:07:28 +0000 2018";"1";"26";"623342";"dakar2018:Sonik"
"JaroslawKuzniar";"W #AliceSprings w #Australia ma byÄ‡ dziÅ› 41 stopni... #pogoda #podroze @podrozeosobiste  https://t.co/6n4uZDBb7V";"Sun Jan 07 20:41:49 +0000 2018";"5";"37";"623342";"AliceSprings:Australia:pogoda:podroze"
"JaroslawKuzniar";"TuÅ¼ nad #Monachium âœŠğŸ» #work #startup #fingerscrossed [photo by @spawlica] https://t.co/m3A1hytZaM";"Sun Jan 07 19:22:01 +0000 2018";"2";"45";"623342";"Monachium:work:startup:fingerscrossed"
"JaroslawKuzniar";"WAÅ»NE #Sztokholm https://t.co/yCJ51O3NAa";"Sun Jan 07 11:29:32 +0000 2018";"9";"14";"623342";"Sztokholm"
"JaroslawKuzniar";"KaÅ¼dy oddech 2018 to bÄ™dzie oddech 100 lecia NiepodlegÅ‚oÅ›ci ğŸ¤¦ğŸ¼â€â™‚ï¸ https://t.co/CVzI9aTaM2";"Sun Jan 07 10:18:06 +0000 2018";"6";"154";"623363";""
"JaroslawKuzniar";"âœŠğŸ» Bracie @rafal_sonik @dakar #Dakar2018 https://t.co/YaUCx1P01h";"Sun Jan 07 10:00:39 +0000 2018";"1";"55";"623363";"Dakar2018"
"JaroslawKuzniar";"AntydowÃ³d na brak choroby psychicznej ğŸ’ªğŸ» https://t.co/lOASISEX6G";"Sun Jan 07 09:54:22 +0000 2018";"1";"16";"623363";""
"JaroslawKuzniar";"Sportowcem 2017 roku âš½ï¸ czÅ‚owiek, ktÃ³ry zasÅ‚uÅ¼yÅ‚ na to w 2018 ğŸ¿ Polski gÅ‚osujÄ…cy to przewrotny gÅ‚osujÄ…cy @przegladâ€¦ https://t.co/rG7MP9peZD";"Sun Jan 07 09:42:39 +0000 2018";"3";"38";"623363";""
"JaroslawKuzniar";"Futurystyczny, oszaÅ‚amiajÄ…cy gmach biblioteki powstaÅ‚ przy Centrum Kultury #Binhai WnÄ™trze przypominaâ€¦ gaÅ‚kÄ™ ocznÄ…â€¦ https://t.co/A2tZJXg012";"Sat Jan 06 19:17:00 +0000 2018";"3";"15";"623363";"Binhai"
"JaroslawKuzniar";"Czyja bÄ™dzie #GalaMistrzowSportu LIVE ğŸ¤œğŸ» https://t.co/g999aP80hr @lewy_official czy ğŸ§ @przeglad @OnetSport @onetpl https://t.co/1jPoaOv71E";"Sat Jan 06 19:09:05 +0000 2018";"3";"30";"623363";"GalaMistrzowSportu"
"JaroslawKuzniar";"Mistrz #Stoch ğŸ¿ #TCS via @onetpl  https://t.co/MK63FJ1ZIJ";"Sat Jan 06 17:57:30 +0000 2018";"4";"48";"623363";"Stoch:TCS"
"JaroslawKuzniar";"- CzeÅ›Ä‡ Jarku- CzeÅ›Ä‡ @haloziemia - CzytaÅ‚em Pani Ani twojÄ… wiadomoÅ›Ä‡ z @instagram - DziÄ™kujÄ™- Dam Ci jÄ… do sÅ‚ucâ€¦ https://t.co/QkovFywtDK";"Sat Jan 06 17:44:46 +0000 2018";"3";"56";"623363";""
"JaroslawKuzniar";"ÅšwiÄ™to #TrzechKroli takÅ¼e w @lufthansa Ich system nie ogarnia odprawy kilku osÃ³b na raz... a #Monachium wzywa ğŸš€â€¦ https://t.co/Lo1lTe7Fja";"Sat Jan 06 17:31:47 +0000 2018";"0";"7";"623363";"TrzechKroli:Monachium"
"JaroslawKuzniar";"Polak w #Austria o Å¼artach z nas (zÅ‚odzieje) i Å¼yciu tam (od lat) ğŸ‡¦ğŸ‡¹ #OnetOnTour https://t.co/XKNwP9WVOL";"Sat Jan 06 17:17:00 +0000 2018";"3";"8";"623363";"Austria:OnetOnTour"
"JaroslawKuzniar";"Tylko piÄ™Ä‡ ğŸ§ #OnetOnTour z #Austria ğŸ‡¦ğŸ‡¹ #podroze https://t.co/J9UacJahhe";"Sat Jan 06 16:13:11 +0000 2018";"2";"11";"623363";"OnetOnTour:Austria:podroze"
"JaroslawKuzniar";"No bardzo przyjemne jest to knucie ğŸ¤­ #Szyc #Wyrypajew #Themuba #theathre #music #Art #play https://t.co/ABhDakQ7b0";"Sat Jan 06 13:28:13 +0000 2018";"5";"52";"623363";"Szyc:Wyrypajew:Themuba:theathre:music:Art:play"
"JaroslawKuzniar";"Kto w tym roku nie byÅ‚ w Azji rÄ™ka do gÃ³ry?! No wÅ‚aÅ›nie namierzyli nas ğŸš€ #goforworld #podroze https://t.co/PaSHNYon5C";"Sat Jan 06 11:17:00 +0000 2018";"0";"4";"623363";"goforworld:podroze"
"JaroslawKuzniar";"Albo #Finlandia albo #Islandia na 40... ğŸ§ Redakcja goforworld. podpowiada drugie rozwiazanie â£ï¸https://t.co/QLc6TBzm1e";"Sat Jan 06 10:47:00 +0000 2018";"1";"10";"623363";"Finlandia:Islandia"
"JaroslawKuzniar";"Eksperci lotniczy mÃ³wiÄ…, Å¼e to byÅ‚ najlepszy dla nich rok: najwiÄ™cej ludzi lataÅ‚o, najmniej zginÄ™Å‚o #podrozeâ€¦ https://t.co/EHP77UE4bJ";"Sat Jan 06 10:17:01 +0000 2018";"3";"21";"623363";"podroze"
"JaroslawKuzniar";"SpÃ³Åºniona, ale przepyszna kawa w #Londyn â˜•ï¸ #podroze #goforworld #caffe https://t.co/EnUSi5TPSz";"Sat Jan 06 09:59:47 +0000 2018";"1";"18";"623363";"Londyn:podroze:goforworld:caffe"
"JaroslawKuzniar";"Zobacz @Polsport podsÅ‚uchujÄ… nas w @podrozeosobiste âš½ï¸ #mundial #podroze #goforworld https://t.co/hTVHpr3AdZ";"Fri Jan 05 21:58:43 +0000 2018";"1";"12";"623363";"mundial:podroze:goforworld"
"JaroslawKuzniar";"PisaÄ‡ tweety do siebie samego ğŸ¤­ https://t.co/5gtYTG6mQf";"Fri Jan 05 17:37:32 +0000 2018";"9";"112";"623363";""
"JaroslawKuzniar";"Boston i @nycgov w Å›nieÅ¼ycach ğŸŒ Kiedy u nas ğŸ¤” JarosÅ‚aw Kret w @OnetRano po 7:55 ğŸ“±ğŸ–¥ğŸ’» https://t.co/ZcXDTHKERy";"Fri Jan 05 06:30:19 +0000 2018";"2";"21";"623363";""
"JaroslawKuzniar";"Åšrodek zimy w @OnetRano ğŸ¤¦ğŸ¼â€â™‚ï¸ https://t.co/kolif0Bqkw";"Fri Jan 05 06:11:30 +0000 2018";"2";"10";"623363";""
"JaroslawKuzniar";"PiÄ…tkowy skÅ‚ad @OnetRano ğŸ‘‰ğŸ» @OjciecRedaktor @Makowski_Jaro @Polsport i Kret. Jarek Kret ğŸ’ªğŸ» Start 7:55 #WszÄ™dzie ğŸ–¥ğŸ’»ğŸ“±â€¦ https://t.co/HiiFjyyJKA";"Fri Jan 05 06:10:11 +0000 2018";"1";"14";"623363";"WszÄ™dzie"
"JaroslawKuzniar";"Tymczasem na wschodnim wybrzeÅ¼u #USA ğŸ›· https://t.co/SOaenL1tYX";"Fri Jan 05 06:07:32 +0000 2018";"0";"8";"623363";"USA"
"JaroslawKuzniar";"StraÅ¼ak z Massachusetts w noworocznÄ… pogodÄ™ via @ABC #DzienDobry https://t.co/dDicjg409d";"Fri Jan 05 06:04:26 +0000 2018";"11";"54";"623363";"DzienDobry"
"JaroslawKuzniar";"Trumpworld - Å‚adne. Ale Å¼eby zaraz idiota ğŸ˜‰ https://t.co/s7nzeIe01U";"Fri Jan 05 00:09:09 +0000 2018";"1";"10";"623363";""
"JaroslawKuzniar";"I caÅ‚a Wasza trÃ³jka jest temu winna @AndrzejDuda @MorawieckiM @mblaszczak NegujÄ…c problem, podsycajÄ…c emocje, zachÄ™â€¦ https://t.co/gf4LaRzl7L";"Thu Jan 04 23:46:30 +0000 2018";"81";"437";"623363";""
"JaroslawKuzniar";"999 PLN ğŸ¤­ Nie Å¼artujcie ğŸ’ªğŸ» Licytacja ma dopiero parÄ™ godzin ğŸ‘‰ğŸ»    https://t.co/zq4qgZJFQK ğŸ‘ˆğŸ»@fundacjawosp Zobaczâ€¦ https://t.co/llInEVo5bo";"Thu Jan 04 19:41:16 +0000 2018";"14";"88";"623363";""
"JaroslawKuzniar";"Nie klikajcie! Nie kupujcie! Ostrzegam, bo wyjdzie, Å¼e pomogliÅ›cie @fundacjawosp ğŸ˜‰ #Owsiak #WOSP @OnetRano UWAGA &gt;&gt;â€¦ https://t.co/xiAGmygFoA";"Thu Jan 04 14:55:11 +0000 2018";"5";"29";"623363";"Owsiak:WOSP"
"JaroslawKuzniar";"Co za cudo! #goforworld #podroze https://t.co/8QPFHkj0wC";"Thu Jan 04 12:58:12 +0000 2018";"1";"35";"623363";"goforworld:podroze"
"JaroslawKuzniar";"Najpopularniejszy tekst wczoraj na goforworld. Pewnie przez ten Å›cisk ğŸ˜‚ #podroze #goforworld https://t.co/6DSFCn3iZi";"Thu Jan 04 11:07:01 +0000 2018";"2";"10";"623363";"podroze:goforworld"
"JaroslawKuzniar";"Polacy wziÄ™li AzjÄ™ ğŸš€ #podroze #goforworld https://t.co/6AY2DhEgkF";"Thu Jan 04 10:27:00 +0000 2018";"0";"3";"623363";"podroze:goforworld"
"JaroslawKuzniar";"Wszyscy pytajÄ… czy to bezpieczne i czy nie upadÅ‚em... na gÅ‚owÄ™, Å¼eby jeÅºdziÄ‡ rowerem po stoku narciarskim ğŸ§ Dajcieâ€¦ https://t.co/Zz6yAnz2Md";"Thu Jan 04 10:16:17 +0000 2018";"1";"18";"623363";""
"JaroslawKuzniar";"Coraz wiÄ™cej Amerykanek pali marihuanÄ™ podczas ciÄ…Å¼y. Lekarze mÃ³wiÄ…, Å¼e skutki sÄ… podobne, jak w przypadku papierosâ€¦ https://t.co/GDEnvo7FSv";"Thu Jan 04 09:47:43 +0000 2018";"5";"8";"623363";""
"JaroslawKuzniar";"47 tysiÄ™cy hektarÃ³w  malowniczych, przepiÄ™knych gÃ³r, rzeÅºbionych przez wieki przez lawÄ™, wiatr i wodÄ™? To nie fragmâ€¦ https://t.co/cteo5VbrZi";"Thu Jan 04 09:47:01 +0000 2018";"2";"14";"623363";""
"JaroslawKuzniar";"PodrÃ³Å¼niczka wÅ‚Ä…czyÅ‚a piosenkÄ™ â€All night longâ€, zapraszajÄ…c do taÅ„ca obsÅ‚ugÄ™ lotniska i innych pasaÅ¼erÃ³w. WyszÅ‚o nâ€¦ https://t.co/gC4qaGDjIr";"Thu Jan 04 09:11:45 +0000 2018";"2";"14";"623363";""
"JaroslawKuzniar";"Ruszamy o 7:55 #Wszedzie ğŸ“±ğŸ’»ğŸ–¥@OnetRano https://t.co/LEOFCuZQL6";"Thu Jan 04 06:52:25 +0000 2018";"1";"6";"623363";"Wszedzie"
"JaroslawKuzniar";"Nic tak nie leczy jak modlitwa ğŸ¤ https://t.co/HWVWPnk9s8";"Thu Jan 04 06:31:16 +0000 2018";"7";"37";"623363";""
"JaroslawKuzniar";"Szanowne CBA, ABW i inne trzy waÅ¼ne litery donoszÄ™, Å¼e PuÅ‚awska przejezdna. Czy to juÅ¼ donos wolny od podatku ğŸ¤” https://t.co/eml5oGD5oS";"Thu Jan 04 06:19:15 +0000 2018";"9";"74";"623363";""
"JaroslawKuzniar";"Postaram siÄ™ w @OnetRano zagraÄ‡ swojÄ… rolÄ™ tylko ciut gorzej niÅ¼ to robiÄ… w #KoronaKrÃ³lÃ³w @Onet_100 ğŸ¤­ 7:55 https://t.co/Q7P75mV2Cd";"Thu Jan 04 06:09:43 +0000 2018";"16";"56";"623363";"KoronaKrÃ³lÃ³w"
"JaroslawKuzniar";"ZasÅ‚uÅ¼yli na okÅ‚adkÄ™ #LiderzyWolnoÅ›ci https://t.co/o5UnXxjXg3";"Wed Jan 03 21:34:36 +0000 2018";"2";"16";"623363";"LiderzyWolnoÅ›ci"
"JaroslawKuzniar";"Tym, ktÃ³rzy sprawili ostatnio goforworld. rekord czytelniczy stawiam ğŸ˜‰ SzczegÃ³lnie, Å¼e ten bar rezerwuje siÄ™ na pÃ³Å‚â€¦ https://t.co/NN4Y6cQUwf";"Wed Jan 03 21:24:33 +0000 2018";"3";"15";"623363";""
"JaroslawKuzniar";"âœŠğŸ» Å¼eby jeszcze byÅ‚a chwila na #SageAdgenture @Piotr_Ciski @SagePolska ğŸ‘ŠğŸ» https://t.co/HwRmSbHvRU";"Wed Jan 03 17:48:07 +0000 2018";"0";"6";"623363";"SageAdgenture"
"JaroslawKuzniar";"A my z @vintomcom dorzucamy kilka ciepÅ‚ych sÅ‚Ã³w podziÄ™kowania od samego Jerzego @fundacjawosp dla wpÅ‚acajÄ…cych â¤ï¸â€¦ https://t.co/EoOYB6VI9o";"Wed Jan 03 15:10:34 +0000 2018";"5";"29";"623363";""
"JaroslawKuzniar";"Welcome home @podrozeosobiste @HeathrowAirport âœˆï¸ â¤ï¸ #airports https://t.co/IFuW8HVPe7";"Wed Jan 03 14:16:20 +0000 2018";"0";"40";"623363";"airports"
"JaroslawKuzniar";"SamorzÄ…dy wziÄ™te ğŸ¤¦ğŸ»â€â™‚ï¸ https://t.co/ON5tszTw3z";"Wed Jan 03 11:45:22 +0000 2018";"8";"19";"623363";""
"JaroslawKuzniar";"Giganci wolnej Europy ğŸ‘ŠğŸ» https://t.co/gQ0CjgOqEe";"Wed Jan 03 11:22:34 +0000 2018";"9";"48";"623363";""
"JaroslawKuzniar";"Make brain great again ğŸ¤¦ğŸ»â€â™‚ï¸ https://t.co/vwmATulFDE";"Wed Jan 03 11:04:01 +0000 2018";"3";"23";"623363";""
"JaroslawKuzniar";"Ale dziÄ™ki temu sÅ‚yszÄ™ o czym gadajÄ… faceci w brasserie na londyÅ„skim Å›niadaniu ğŸ¤­ #eSports DzieÅ„ dobry ğŸ‘ŠğŸ» https://t.co/lczXzi9Odm";"Wed Jan 03 08:40:08 +0000 2018";"1";"7";"623363";"eSports"
"JaroslawKuzniar";"Do zobaczenia ğŸ˜‰ @podrozeosobiste https://t.co/KO8QUzKwHa";"Tue Jan 02 17:11:02 +0000 2018";"0";"26";"623363";""
"JaroslawKuzniar";"â€šGdzie pan dzisiaj pracuje?â€™ W taksÃ³wce w #BuenosAires ğŸ‡¦ğŸ‡· Jutro w Londynie, pojutrze w #Warszawa @OnetRanoâ€¦ https://t.co/Am5P35xlaV";"Tue Jan 02 15:37:48 +0000 2018";"2";"27";"623363";"BuenosAires:Warszawa"
"JaroslawKuzniar";"W #Iran ğŸ“± #socialmedia or muerte  https://t.co/D7yAHTrbTV";"Tue Jan 02 15:23:44 +0000 2018";"1";"5";"623363";"Iran:socialmedia"
"JaroslawKuzniar";"BylebyÅ› i Ty siÄ™ dobrze prowadziÅ‚ ğŸ˜‰ https://t.co/NpT14hXJYV";"Tue Jan 02 11:14:15 +0000 2018";"0";"10";"623363";""
"JaroslawKuzniar";"Ledwo wyjechaÅ‚em przemalowali #Lexus ğŸ¤¦ğŸ»â€â™‚ï¸ @RobertFelus ğŸ‘ğŸ» @OnetRano https://t.co/BZY8zCBWBg";"Tue Jan 02 10:56:53 +0000 2018";"0";"13";"623363";"Lexus"
"JaroslawKuzniar";"Buenos dias ğŸ˜‰ 5 km w porannym skwarze w #BuenosAires zrobione ğŸ‘ŠğŸ»Teraz kawa, odprawa Grupy na #Tango ğŸ’ƒğŸ» 2h intensywnâ€¦ https://t.co/8GfVFzSj7L";"Tue Jan 02 10:50:00 +0000 2018";"2";"43";"623363";"BuenosAires:Tango"
"JaroslawKuzniar";"Najpierw Polska ğŸ˜‰ potem Å›wiat ğŸŒ https://t.co/9L8HNM74Ed";"Tue Jan 02 10:01:22 +0000 2018";"0";"12";"623363";""
"JaroslawKuzniar";"Za 12h bÄ™dÄ™ juÅ¼ w samolocie do @OnetRano ale teraz jeszcze #Argentyna ğŸ‡¦ğŸ‡· To byÅ‚ dÅ‚ugi dzieÅ„ z @podrozeosobiste dopiâ€¦ https://t.co/H3WtSj8dx3";"Tue Jan 02 05:09:37 +0000 2018";"1";"53";"623363";"Argentyna"
"JaroslawKuzniar";"Garnitur nie kryje trwogi #NorthKorea https://t.co/WwoNldiaeo";"Mon Jan 01 22:15:27 +0000 2018";"0";"9";"623363";"NorthKorea"
"JaroslawKuzniar";"Nasza w @podrozeosobiste sylwestrowa baza pod #BuenosAires #Lobos zamek #LaCandelaria â¤ï¸ Teraz czas na ğŸ’ƒğŸ» u ÅºrÃ³deÅ‚â€¦ https://t.co/oOjrqF71EL";"Mon Jan 01 21:51:44 +0000 2018";"1";"28";"623363";"BuenosAires:Lobos:LaCandelaria"
"JaroslawKuzniar";"DoÅ‚oÅ¼ymy siÄ™ do nowego rekordu w #Izrael w maju w czasie premiery projektu #goforyourself ğŸ‡®ğŸ‡± #podroze #biznesâ€¦ https://t.co/gpvUaoIyqb";"Mon Jan 01 20:19:31 +0000 2018";"2";"16";"623363";"Izrael:goforyourself:podroze:biznes"
"JaroslawKuzniar";"Morawiecki teÅ¼ z playbacku ğŸ˜‰ https://t.co/P2s1ClLNq2";"Mon Jan 01 19:32:21 +0000 2018";"26";"162";"623363";""
"JaroslawKuzniar";"8 mln ludzi w Polsce z gustem ğŸ§ https://t.co/EL03enkTCE";"Mon Jan 01 19:26:39 +0000 2018";"4";"38";"623363";""
"JaroslawKuzniar";"Szefowa z poczuciem humoru ğŸ˜‰ Gdzie ten @onetpl jÄ… znalazÅ‚ ğŸ§ @AKutela #ÅubuDubuNaNowyRok ğŸ¤­ https://t.co/OvP5BNuvmE";"Mon Jan 01 18:15:15 +0000 2018";"0";"9";"623363";"ÅubuDubuNaNowyRok"
"JaroslawKuzniar";"Zaraz zaraz ğŸ§ kto tu kogo uczy lataÄ‡ ğŸ‘ğŸ» #goforworld #podroze https://t.co/wkUzk7Gd1L";"Mon Jan 01 18:11:32 +0000 2018";"6";"42";"623363";"goforworld:podroze"
"JaroslawKuzniar";"KrÃ³tka ta lista, ale intrygujÄ…ca ğŸ˜‰ dopiszcie swoje dziwolÄ…gi #podroze #goforworld https://t.co/rJDSnCcY5p";"Mon Jan 01 15:40:27 +0000 2018";"1";"14";"623363";"podroze:goforworld"
"JaroslawKuzniar";"MÃ³j kalendarz na 2018 zapisany do grudnia ğŸ¤­ Ale jak fajnie! Zobaczcie, doÅ‚Ä…czcie ğŸŒ JeÅ›li macie pytania ğŸ‘‰ğŸ» kuzniar@gâ€¦ https://t.co/YLqUBfFUDn";"Mon Jan 01 15:25:29 +0000 2018";"1";"39";"623363";""
"JaroslawKuzniar";"ğŸ‘ğŸ» #Stoch ğŸ¿ #TCS https://t.co/ZH3IRjm0Ph";"Mon Jan 01 15:18:07 +0000 2018";"2";"39";"623363";"Stoch:TCS"
"JaroslawKuzniar";"MoÅ¼e dziÅ› bÄ™dziecie mieli wiÄ™cej czasu na #OnetOnTour z #Austria ğŸ‡¦ğŸ‡¹Ostrzegam to nie jest tak dobre jakâ€¦ https://t.co/OjRfkbN7o0";"Mon Jan 01 14:18:08 +0000 2018";"3";"30";"623363";"OnetOnTour:Austria"
"JaroslawKuzniar";"Wsi pod #BuenosAires nie dorzucili ğŸ˜‰A teÅ¼ ogladaliÅ›my#Sylwester w Zakopanem ğŸ¤­ #HappyNewYear https://t.co/419GmsFGug";"Mon Jan 01 12:35:26 +0000 2018";"0";"33";"623363";"BuenosAires:HappyNewYear"
"JaroslawKuzniar";"Co za #Selfie ğŸ˜’ https://t.co/wNqouBhCFl";"Mon Jan 01 06:27:21 +0000 2018";"0";"12";"623363";"Selfie"
"JaroslawKuzniar";"WolnoÅ›ci! Na caÅ‚y rok âœŠğŸ» https://t.co/NAjQoWyNQi";"Sun Dec 31 23:00:29 +0000 2017";"31";"408";"623363";""
"JaroslawKuzniar";"PrzyÅ‚apany przez KlientÃ³w @podrozeosobiste ğŸ¤¦ğŸ»â€â™‚ï¸ ğŸ‡¦ğŸ‡· #BuenosAires #sylwester https://t.co/KgtKXnO3oq";"Sun Dec 31 16:43:30 +0000 2017";"0";"127";"623363";"BuenosAires:sylwester"
"JaroslawKuzniar";"Widzowie, sÅ‚uchacze, czytelnicy... choÄ‡ jesteÅ›my ludÅºmi sceny mamy te same kÅ‚opoty poza niÄ…, co Wy. JesteÅ›my ludÅºmiâ€¦ https://t.co/DAPn8aH1iH";"Sat Dec 30 22:58:04 +0000 2017";"0";"63";"623363";""
"JaroslawKuzniar";"Bardzo ğŸ’ªğŸ» #WaszCzytelnik https://t.co/5Yp9envg7h";"Sat Dec 30 22:46:13 +0000 2017";"3";"12";"623363";"WaszCzytelnik"
"JaroslawKuzniar";"I jak wyszÅ‚o ğŸ§ austriackie #OnetOnTour ğŸ‡¦ğŸ‡¹ BA nie podzuciÅ‚y WiFi nadrabiam w drodze na argentyÅ„skÄ… wieÅ›. OglÄ…damy raâ€¦ https://t.co/7NJvAIkfxn";"Sat Dec 30 15:01:05 +0000 2017";"2";"35";"623363";"OnetOnTour"
"JaroslawKuzniar";"Daj spokÃ³j @lis_tomasz kto oglÄ…da teraz video w Internecie ğŸ¤­ Ja, Ty i nasze Rodziny. Ledwie kilkaset tysiÄ™cy ludzi ğŸ˜‰ https://t.co/5RnnwLUIoI";"Fri Dec 29 22:17:43 +0000 2017";"2";"60";"623363";""
"JaroslawKuzniar";"Acha ğŸ¤­ Austriacki ğŸ‡¦ğŸ‡¹ odcinek #OnetOnTour (przefajnyğŸ˜‰) w sobotÄ™ 30/12 o 10:00 do zobaczenia naâ€¦ https://t.co/02hgzyeR2z";"Fri Dec 29 22:11:13 +0000 2017";"3";"15";"623363";"OnetOnTour"
"JaroslawKuzniar";"UwaÅ¼ajcie na siebie ğŸ˜‰ https://t.co/PJAfy2KzLt";"Fri Dec 29 21:49:11 +0000 2017";"0";"34";"623363";""
"JaroslawKuzniar";"Planuj podrÃ³Å¼ ğŸŒğŸ’ªğŸ» @podrozeosobiste https://t.co/K56SfWI0N5";"Fri Dec 29 18:52:32 +0000 2017";"0";"9";"623363";""
"JaroslawKuzniar";"Rumunia, Szwecja, Portugalia, Austria w pierwszym sezonie #OnetOnTour OglÄ…dam PRZEDPREMIEROWO ostatni  odcinek ğŸ‡¦ğŸ‡¹ wâ€¦ https://t.co/yxn35B6m1c";"Fri Dec 29 18:50:56 +0000 2017";"2";"31";"623363";"OnetOnTour"
"JaroslawKuzniar";"Jak @British_Airways pozwoli obejrzÄ™ z Wami LIVE gdzieÅ› nad ArgentynÄ… #OnetOnTour z #Austria ğŸ‡¦ğŸ‡¹ #fatbike #droneâ€¦ https://t.co/Ni7hk8ayi0";"Fri Dec 29 15:02:29 +0000 2017";"5";"19";"623363";"OnetOnTour:Austria:fatbike:drone"
"JaroslawKuzniar";"Dla ludzi o mocnych... nerwach #Dubai #podroze #goforworld https://t.co/fhBncgVlgm";"Fri Dec 29 14:07:03 +0000 2017";"2";"12";"623342";"Dubai:podroze:goforworld"
"JaroslawKuzniar";"What?! ğŸ¤” Tu nie ma Å¼artÃ³w #podroze #goforworld #Hogwart https://t.co/Y2aVXAv4Kt";"Fri Dec 29 13:03:02 +0000 2017";"1";"8";"623342";"podroze:goforworld:Hogwart"
"JaroslawKuzniar";"Kosmiczne miasto. Bez cienia przesady #Singapur #podroze #goforworld https://t.co/xo0OWYVXZm";"Fri Dec 29 12:17:00 +0000 2017";"0";"10";"623342";"Singapur:podroze:goforworld"
"JaroslawKuzniar";"Bez Å¼artÃ³w! ğŸ¶ @AnetaAwtoniuk potwierdzi, Å¼e to bardzo stresujÄ…ca robota #podroze #goforworld https://t.co/1ySwzIaC1c";"Fri Dec 29 11:07:05 +0000 2017";"0";"4";"623342";"podroze:goforworld"
"JaroslawKuzniar";"Widowiskowo dymi #podroze #goforworld https://t.co/7IiMtYolxG";"Fri Dec 29 10:17:10 +0000 2017";"1";"12";"623342";"podroze:goforworld"
"JaroslawKuzniar";"Przetestujemy po #Sylwester z GrupÄ… PodrÃ³Å¼nikÃ³w @podrozeosobiste osobiÅ›cie na miejscu ğŸ’ƒğŸ¼https://t.co/uP81JuA3Ag";"Fri Dec 29 09:07:00 +0000 2017";"0";"7";"623342";"Sylwester"
"JaroslawKuzniar";"Potwierdzam. Czasem dzieÅ„ za krÃ³tki ğŸ˜‰ a do dopieszczenia wiele spraw ğŸ¤­ @podrozeosobiste @OnetRano @Onet_100â€¦ https://t.co/nYIi42Oug8";"Fri Dec 29 08:32:17 +0000 2017";"1";"9";"623342";""
"JaroslawKuzniar";"Powinno siÄ™ karaÄ‡ za takie teksty ğŸ˜‰ #gofortaste #Wietnam #podroze https://t.co/4kQ4U9CmW5";"Fri Dec 29 08:03:03 +0000 2017";"2";"9";"623342";"gofortaste:Wietnam:podroze"
"JaroslawKuzniar";"Polacy ruszajÄ… na #K2 To ekstremum zimÄ… [photo via @AltitudePBlog] UwaÅ¼ajcie na siebie i wracajcie cali. Wszyscy âœŠğŸ»â€¦ https://t.co/goJf4cK06v";"Fri Dec 29 07:38:26 +0000 2017";"12";"56";"623342";"K2"
"JaroslawKuzniar";"Miejsc juÅ¼ nie ma â˜¹ï¸ ale moÅ¼e za rok ğŸ¤” Tymczasem lecÄ™ do #BuenosAires na #Sylwester z @podrozeosobiste i opowiem Waâ€¦ https://t.co/45Pm6C5Dgj";"Fri Dec 29 07:13:05 +0000 2017";"1";"28";"623342";"BuenosAires:Sylwester"
"JaroslawKuzniar";"MiaÅ‚ 1000 jointÃ³w przy sobie i pomyliÅ‚ taxi z radiowozem ğŸ¤¦ğŸ¼â€â™‚ï¸ https://t.co/b5AGG0jbV5";"Fri Dec 29 00:34:55 +0000 2017";"1";"5";"623342";""
"JaroslawKuzniar";"PÃ³Åºny powrÃ³t do Domu z #Austria, pakowanie na wyprawÄ™ do Argentyny z @podrozeosobiste i chwila na tekst o prawdziwyâ€¦ https://t.co/QyzniJyKvb";"Thu Dec 28 23:24:27 +0000 2017";"0";"29";"623342";"Austria"
"JaroslawKuzniar";"ZostaÅ‚em przyÅ‚apany przez kolegÃ³w z redakcji #OnetOnTour na planie ğŸ‡¦ğŸ‡¹ Akurat kradÅ‚em wÅ‚asnÄ… kolacjÄ™ w #Austria ğŸ¤­â€¦ https://t.co/MYN9xp85js";"Thu Dec 28 18:43:47 +0000 2017";"1";"20";"623342";"OnetOnTour:Austria"
"JaroslawKuzniar";"Chyba podpada pod sport ekstremalny... #Dubai w takim wydaniu ğŸ§ Zapnijcie pasy, bo to jak lepsze #bungee #podrozeâ€¦ https://t.co/Zvst43b8vv";"Thu Dec 28 18:37:25 +0000 2017";"0";"8";"623342";"Dubai:bungee:podroze"
"JaroslawKuzniar";"Proste rzeczy sÄ… najlepsze ğŸ‘ğŸ» @lufthansa #podroze @podrozeosobiste #kidsintravel https://t.co/sFp7HmKwUf";"Thu Dec 28 16:59:06 +0000 2017";"0";"28";"623342";"podroze:kidsintravel"
"JaroslawKuzniar";"DzieÅ„ dobry #OstatniDzien w ğŸ‡¦ğŸ‡¹ Praca od rana #Paparazzi na suficie ğŸ¤­ https://t.co/pjrNTm5YaA";"Thu Dec 28 06:14:13 +0000 2017";"1";"35";"623342";"OstatniDzien:Paparazzi"
"JaroslawKuzniar";"Jedna z najbardziej niezwykÅ‚ych wiadomoÅ›ci koÅ„ca roku https://t.co/HcxAYV1HFY";"Wed Dec 27 19:48:32 +0000 2017";"6";"35";"623342";""
"JaroslawKuzniar";"To bardzo mÅ‚oda religia. NiecaÅ‚e sto la temu zaÅ‚oÅ¼yÅ‚ jÄ… Ngo Van, urzÄ™dnik kolonialnej administracji francuskiej. Stâ€¦ https://t.co/OmFWe6iu88";"Wed Dec 27 14:29:56 +0000 2017";"0";"10";"623342";""
"JaroslawKuzniar";"Dla tych, ktÃ³rych dziwi wczesny zmrok w Tatrach w grudniu, fotograficzna opowieÅ›Ä‡ taterniczki ğŸ’ªğŸ» https://t.co/LfswyplElX";"Wed Dec 27 10:07:23 +0000 2017";"2";"18";"623342";""
"JaroslawKuzniar";"Eukaliptusowe gniazda dla ludzi? ğŸ¤­ Fajna alternatywa dla namiotu âœŠğŸ» https://t.co/swW3sRlYvw";"Wed Dec 27 09:11:47 +0000 2017";"2";"16";"623342";""
"JaroslawKuzniar";"Å»al tylko, Å¼e nie zabraÅ‚ swojej torebki i nie wyszedÅ‚ ze studia ğŸ¤¦ğŸ»â€â™‚ï¸ https://t.co/m0b3xHQAju";"Wed Dec 27 08:19:34 +0000 2017";"17";"169";"623342";""
"JaroslawKuzniar";"To byÅ‚a jedna z najchÄ™tniej oglÄ…danych i najserdeczniejszych rozmÃ³w w @OnetRano z @JaninaOchojska Gratulujemy siÅ‚yâ€¦ https://t.co/SEFjPARRHV";"Wed Dec 27 07:17:05 +0000 2017";"0";"30";"623342";""
"JaroslawKuzniar";"Hmmmm idzie mi ciut lepiej â›·ğŸ¤¦ğŸ»â€â™‚ï¸ #DzienDobry  https://t.co/qx3RlF0rUf";"Wed Dec 27 07:11:06 +0000 2017";"1";"9";"623342";"DzienDobry"
"JaroslawKuzniar";"ğŸ…ğŸ» Najlepsze z najlepszych od @OnetRano Panie i Panowie Jerzy #Stuhr ğŸ‘ğŸ» #OnetRANO   https://t.co/81BspjIoEU";"Wed Dec 27 07:07:07 +0000 2017";"1";"23";"623342";"Stuhr:OnetRANO"
"JaroslawKuzniar";"â€šZaskoczyÅ‚ ich szybki zmrok i brak doroÅ¼ekâ€™ ğŸ¤¦ğŸ»â€â™‚ï¸ Mam nadziejÄ™, Å¼e szpilki stukaÅ‚y o asfalt rÃ³wnie piÄ™knie co podkoâ€¦ https://t.co/fAoFoUR3ZF";"Wed Dec 27 07:02:53 +0000 2017";"7";"157";"623342";""
"JaroslawKuzniar";"ChciaÅ‚em pÅ‚ywaÄ‡ kajakiem w lodowcu na 3250 m. DostaÅ‚em paddla na 5 min, 2 metry trasy i zgodÄ™ na zdjÄ™cie. MyÅ›lÄ™ sobâ€¦ https://t.co/AvDUNmTUyK";"Tue Dec 26 18:01:17 +0000 2017";"3";"36";"623342";""
"JaroslawKuzniar";"Lodowiec ğŸ‡¦ğŸ‡¹â›· 3250 m. Wieje jak diabli ale kajakiem w lodowcu ğŸ›¶ bez fal ğŸ¤­ @podrozeosobiste https://t.co/uQxE3ZRhsn";"Tue Dec 26 10:54:16 +0000 2017";"4";"48";"623342";""
"JaroslawKuzniar";"W Å›wiÄ™ta ğŸ„to jeden z najwiÄ™kszych jarmarkÃ³w #podroze #gofroworld https://t.co/6ZnTeRfnMr";"Tue Dec 26 09:13:05 +0000 2017";"1";"21";"623342";"podroze:gofroworld"
"JaroslawKuzniar";"Nareszcie coÅ› poza lansem na KrupÃ³wkach bÄ™dzie moÅ¼na zrobiÄ‡ w Zakopanem ğŸ¤­ #goforpoland https://t.co/31t8SdJkfx";"Tue Dec 26 08:37:36 +0000 2017";"7";"22";"623342";"goforpoland"
"JaroslawKuzniar";"ğŸ‡¦ğŸ‡¹ Wam teÅ¼ dobrego dnia ğŸ¤­ Czas przesunÄ…Ä‡ siÄ™ na lodowiec â›· ğŸ¤›ğŸ» Premiera #OnetOnTour z #Austria 30/12 âœŠğŸ» https://t.co/MilzDC9deb";"Tue Dec 26 08:02:58 +0000 2017";"2";"33";"623342";"OnetOnTour:Austria"
"JaroslawKuzniar";"Widok za pÃ³Å‚ miliona ğŸ’µ trzeba tylko dobrze jeÅºdziÄ‡ na â›¸ #dziendobry #goforworld #podtoze  https://t.co/LJUvFv0ggb";"Tue Dec 26 07:47:57 +0000 2017";"0";"22";"623342";"dziendobry:goforworld:podtoze"
"JaroslawKuzniar";"Labirynt ze Å›niegu... czyli moÅ¼na mÄ…drze siÄ™ zabawiÄ‡ w #Zakopane #fun https://t.co/YvwZyEd2gX";"Mon Dec 25 19:28:04 +0000 2017";"2";"23";"623342";"Zakopane:fun"
"JaroslawKuzniar";"Kolejny dzieÅ„ nad ziemiÄ… w #Austria ğŸ‡¦ğŸ‡¹ jako nauczyciel Zofii â›· #Uwielbiam https://t.co/avs39cRA6H";"Mon Dec 25 17:13:00 +0000 2017";"1";"58";"623342";"Austria:Uwielbiam"
"JaroslawKuzniar";"PiÄ™kna sprawa #Sydney âœ #subway #art #podroze https://t.co/RYykLJjOyO";"Mon Dec 25 10:47:01 +0000 2017";"1";"12";"623342";"Sydney:subway:art:podroze"
"JaroslawKuzniar";"MrÃ³z czaruje swoje ğŸ„#Austria ğŸ‡¦ğŸ‡¹ https://t.co/EZ1E79dBE1";"Mon Dec 25 10:20:18 +0000 2017";"3";"43";"623342";"Austria"
"JaroslawKuzniar";"Ciekawe czy siÄ™ sprawdza? Dajcie znak: Rosja, BiaÅ‚oruÅ›, Syberia - jak u Was ze Å›niegiem â„ï¸ @podrozeosobisteâ€¦ https://t.co/5zNqVCuUOi";"Mon Dec 25 10:17:01 +0000 2017";"0";"5";"623342";""
"JaroslawKuzniar";"Fragment korespondencji z #Hanoi ""Skoro chodniki sÄ… zajÄ™te, spyta ktoÅ›, to ktÃ³rÄ™dy poruszajÄ… siÄ™ piesi? CÃ³Å¼, czÄ™stoâ€¦ https://t.co/V2rpsRre7A";"Mon Dec 25 09:57:04 +0000 2017";"1";"12";"623342";"Hanoi"
"JaroslawKuzniar";"MÃ³j typ ... @nycgov #Christmas MoÅ¼e w przyszÅ‚ym roku ğŸ˜‰ #goforworld #podroze https://t.co/xthekJbH0h";"Mon Dec 25 09:27:00 +0000 2017";"0";"11";"623342";"Christmas:goforworld:podroze"
"JaroslawKuzniar";"ÅšwiÄ™tujcie w podrÃ³Å¼y ğŸŒ #goforworld https://t.co/lrqrngzQWT";"Mon Dec 25 08:57:06 +0000 2017";"0";"19";"623342";"goforworld"
"JaroslawKuzniar";"Tu w #Austria ğŸ‡¦ğŸ‡¹ gdzie jestem ich tradycja jest przepiÄ™kna. ZresztÄ… pokaÅ¼emy to w #OnetOnTour 30 grudnia ğŸ„https://t.co/4B8qz8oi2A";"Mon Dec 25 08:27:00 +0000 2017";"3";"25";"623342";"Austria:OnetOnTour"
"JaroslawKuzniar";"WesoÅ‚ych ÅšwiÄ…t ğŸ…ğŸ» Od @OnetRano @Onet_100 &amp; @podrozeosobiste ğŸ„ https://t.co/q7s0vdq1iM";"Mon Dec 25 08:10:36 +0000 2017";"1";"77";"623342";""
"JaroslawKuzniar";"Ot tak ğŸ˜‰ https://t.co/yl8PPR9OJ1";"Sun Dec 24 18:32:05 +0000 2017";"6";"137";"623342";""
"JaroslawKuzniar";"W takim klimacie ğŸ„najlepiej zerkaÄ‡ na te zdjÄ™cia #NiezwyklaPodrozWczasie #goforworld https://t.co/idkvjBS4Yu";"Sun Dec 24 16:37:00 +0000 2017";"1";"9";"623342";"NiezwyklaPodrozWczasie:goforworld"
"JaroslawKuzniar";"W pas kÅ‚aniamy siÄ™ Wam Å›wiÄ…tecznie z caÅ‚ym ZespoÅ‚em goforworl. PodrÃ³Å¼y po ğŸ„https://t.co/6QVIXEejyd";"Sun Dec 24 14:27:01 +0000 2017";"4";"94";"623342";""
"JaroslawKuzniar";"Miejmy czas na swobodÄ™ â›·â¤ï¸ğŸ„ https://t.co/gRFEVM8v78";"Sun Dec 24 12:54:35 +0000 2017";"0";"44";"623342";""
"JaroslawKuzniar";"A gdyby tak WarszawÄ™ zÅ‚Ä…czyÄ‡ z Berlinem, albo KrakÃ³w z Wiedniem, Å¼e o Poznaniu w parze z Nowym Jorkiem nie wspomnÄ™â€¦ https://t.co/7NA0CnwF5D";"Sun Dec 24 09:27:00 +0000 2017";"1";"14";"623342";""
"JaroslawKuzniar";"Zobaczcie jakie szanse na opady Å›niegu w BoÅ¼e Narodzenie majÄ… rÃ³Å¼ne kraje Å›wiata ğŸŒ§ #goforworld https://t.co/pcwv2wGjty";"Sun Dec 24 08:57:00 +0000 2017";"1";"15";"623342";"goforworld"
"JaroslawKuzniar";"ZagubiÅ‚bym siÄ™ tam â„ï¸ #Svabald #podroze #goforworld https://t.co/hgbJwOhWFb";"Sun Dec 24 08:23:48 +0000 2017";"0";"11";"623342";"Svabald:podroze:goforworld"
"JaroslawKuzniar";"Miejcie czas i okazjÄ™ uciekaÄ‡. W Å›wiÄ™ta do bliskich, pÃ³Åºniej do siebie ğŸ„ https://t.co/1I8a91R4xY";"Sat Dec 23 17:42:04 +0000 2017";"3";"63";"623342";""
"JaroslawKuzniar";"Jedna fota milion sÅ‚Ã³w ğŸ‘ŒğŸ» https://t.co/tjhfix9HBn";"Sat Dec 23 13:25:01 +0000 2017";"4";"23";"623342";""
"JaroslawKuzniar";"Austriacki #Tirol ğŸ‡¦ğŸ‡¹ #zostajemy â›· https://t.co/R7LfXvCNOC";"Sat Dec 23 10:55:01 +0000 2017";"3";"35";"623342";"Tirol:zostajemy"
"JaroslawKuzniar";"Czasem Å‚atwiej o gola w bramce @realmadrid â¤ï¸ @lewy_official  https://t.co/K8WpW8TTIP";"Sat Dec 23 09:23:24 +0000 2017";"2";"24";"623342";""
"JaroslawKuzniar";"Kto szuka raju na ziemi - ma go u nas! Archipelag #Svalbard peÅ‚en jest strzelistych lodowych klifÃ³w, lodowcÃ³w, nadmâ€¦ https://t.co/3fctkYXxPB";"Sat Dec 23 09:08:47 +0000 2017";"0";"8";"623342";"Svalbard"
"JaroslawKuzniar";"ğŸ„ BÄ™dziecie czytaÄ‡ i zachwycaÄ‡ siÄ™ ğŸ“– WybraliÅ›my najlepsze z najpiÄ™kniejszych miasta do spÄ™dzenia #BozeNarodzenie https://t.co/tz4Rc1hYfg";"Sat Dec 23 08:07:54 +0000 2017";"3";"17";"623342";"BozeNarodzenie"
"JaroslawKuzniar";"Zaproszenie do dialogu w Europie ğŸ‡ªğŸ‡º W Polsce wypowiedzenie wojny ğŸ‡µğŸ‡± Ot rÃ³Å¼nica. Panowie @AndrzejDuda &amp; @MorawieckiMâ€¦ https://t.co/3H6S97WmdZ";"Sat Dec 23 08:05:29 +0000 2017";"6";"32";"623342";""
"JaroslawKuzniar";"Kawa z jadalnym brokatem ğŸ¤­ PonoÄ‡ idealna na tÄ™ porÄ™. SerwujÄ… takÄ… â˜•ï¸ w Londynie #DzienDobry https://t.co/OS1ayELewC";"Sat Dec 23 07:33:58 +0000 2017";"2";"35";"623342";"DzienDobry"
"JaroslawKuzniar";"Mijamy na autostradzie w Niemczech @AllianzArena_ â€šZosia to tu gra @lewy_official. Teraz?!â€™ ğŸ˜‰ NastÄ™pnym razem wpadnâ€¦ https://t.co/spW4ceJc5O";"Fri Dec 22 22:43:45 +0000 2017";"1";"50";"623342";""
"JaroslawKuzniar";"To musiaÅ‚ byÄ‡ jakiÅ› obcy suweren ğŸ¤­ Zostanie @AndrzejDuda na pomniku â€šokupantâ€™ jak go okreÅ›liÅ‚a sÄ™dzia #SN #Gersdorf https://t.co/XfiBGDThRk";"Fri Dec 22 15:40:02 +0000 2017";"2";"30";"623342";"SN:Gersdorf"
"JaroslawKuzniar";"Dobrych Å›wiÄ…t z @ChopinAirport ğŸ˜‰ https://t.co/tLS8WTsWnn";"Fri Dec 22 15:34:38 +0000 2017";"0";"69";"623342";""
"JaroslawKuzniar";"Fajnie im siÄ™ ta ziemia uÅ‚oÅ¼yÅ‚a #Portugalia #winnice #goforworld #podroze #gofortaste https://t.co/XruHZ7Qpyp";"Fri Dec 22 11:12:01 +0000 2017";"0";"8";"623342";"Portugalia:winnice:goforworld:podroze:gofortaste"
"JaroslawKuzniar";"Komunikacja XXX wieku â€šjakÅ¼e miÅ‚eâ€™ i jakie naturalne ğŸ¤¦ğŸ»â€â™‚ï¸ https://t.co/KZobEmqKzJ";"Fri Dec 22 10:43:57 +0000 2017";"1";"17";"623342";""
"JaroslawKuzniar";"Na przekÃ³r czasom... One potrafiÄ… zachwycaÄ‡ niesamowicie #podroze #Islam #goforworld https://t.co/9ZIIBh5cEs";"Fri Dec 22 10:39:14 +0000 2017";"1";"11";"623342";"podroze:Islam:goforworld"
"JaroslawKuzniar";"Poza prezydentem, premierem, Sejmem, Senatem ğŸ¤­ https://t.co/S7dS6NMApO";"Fri Dec 22 06:48:15 +0000 2017";"19";"142";"623342";""
"JaroslawKuzniar";"Raz siÄ™ Å¼yje ğŸ¤­ Ostatnie w tym roku @OnetRano LIVE od 7:55 #Wszedzie ğŸ‘‰ğŸ» ğŸ’»ğŸ–¥ğŸ“± https://t.co/KLJ09T1EYO";"Fri Dec 22 06:47:28 +0000 2017";"0";"70";"623342";"Wszedzie"
"JaroslawKuzniar";"OczywiÅ›cie ğŸ¤­ Prawda, @OnetRano &amp; @georgesoros ğŸ¤” https://t.co/5VPVinrBxV";"Fri Dec 22 05:58:42 +0000 2017";"1";"24";"623342";""
"JaroslawKuzniar";"Åšniadanie u @TiffanyAndCo ğŸ¤­ a potem @OnetRano od 7:55 #Wszedzie ğŸ–¥ğŸ’»ğŸ“± https://t.co/Y5GWRKtp5D";"Fri Dec 22 05:56:42 +0000 2017";"0";"7";"623342";"Wszedzie"
"JaroslawKuzniar";"Tak to siÄ™ robi w @VirginAustralia â¤ï¸  #DzienDobry @juliaraczko_ https://t.co/GxXP4fVLjG";"Fri Dec 22 05:26:36 +0000 2017";"5";"31";"623342";"DzienDobry"
"JaroslawKuzniar";"ğŸš€ Gdzie miÅ‚oÅ›nicy sagi o rycerzach #Jedi powinni wyjechaÄ‡, Å¼eby poczuÄ‡ siÄ™ jak w odlegÅ‚ej galaktyce? #podrozeâ€¦ https://t.co/H9jCGyHd8C";"Thu Dec 21 16:15:38 +0000 2017";"1";"12";"623342";"Jedi:podroze"
"JaroslawKuzniar";"MoÅ¼e byÄ‡ maÅ‚o czasu na modlitwÄ™. Chyba, Å¼e siÄ™ pospieszycie ğŸ˜‰ #podroze #goforworld https://t.co/ziF7Hxc2Dh";"Thu Dec 21 14:03:09 +0000 2017";"1";"7";"623342";"podroze:goforworld"
"JaroslawKuzniar";"My Colorful Past ma byÄ‡ pomostem pomiÄ™dzy historiÄ…, sztukÄ… i edukacjÄ…. RzeczywiÅ›cie, zdjÄ™cia wielkich postaci histoâ€¦ https://t.co/NZoVHw7Yxb";"Thu Dec 21 13:37:01 +0000 2017";"1";"3";"623342";""
"JaroslawKuzniar";"PoÅ‚Ä…czenie relaksu, zabawy, a takÅ¼e sztuki najwyÅ¼szych lotÃ³w. WÅ‚aÅ›nie do tego mogÅ‚oby sÅ‚uÅ¼yÄ‡ poÅ‚Ä…czenie Rio De Janeâ€¦ https://t.co/CQr9aygpw0";"Thu Dec 21 13:03:04 +0000 2017";"1";"9";"623342";""
"JaroslawKuzniar";"Inspiracyjnie... #Lizbona na Å›wiÄ™ta #podroze #goforworld https://t.co/vAIsPlDSbD";"Thu Dec 21 12:27:01 +0000 2017";"1";"18";"623342";"Lizbona:podroze:goforworld"
"JaroslawKuzniar";"PIXI to celtyckie wrÃ³Å¼ki, ktÃ³re z magicznymi Å›wiateÅ‚kami fruwaÅ‚y po ciemnych lasach. Teraz doczekaÅ‚y siÄ™ wirtualnejâ€¦ https://t.co/zWVh7O417F";"Thu Dec 21 11:52:43 +0000 2017";"2";"14";"623342";""
"JaroslawKuzniar";"Bardzo zdecydowany, surowy i szczery w ocenie rzeczywistoÅ›ci byÅ‚ profesor KrÃ³l w #tvn24 â€šTyrania wiÄ™kszoÅ›ci, kÅ‚amcÃ³â€¦ https://t.co/HsPmL0oviO";"Thu Dec 21 06:09:57 +0000 2017";"18";"139";"623342";"tvn24"
"JaroslawKuzniar";"WiÄ™cej goÅ›ci przed Å›wiÄ™tami ğŸ‘‰ğŸ» @LeszekMiller ğŸ‡ªğŸ‡º @JaroslawKurski z @gazeta_wyborcza Natalia #Kukulska &amp; RafaÅ‚â€¦ https://t.co/z5xiYeUSxe";"Thu Dec 21 06:04:54 +0000 2017";"4";"15";"623342";"Kukulska"
"JaroslawKuzniar";"LubiÄ™ to pana poczucie humoru @AndrzejDuda ğŸ˜• https://t.co/I9NoOoHEm5";"Thu Dec 21 05:35:44 +0000 2017";"6";"51";"623342";""
"JaroslawKuzniar";"CzoÅ‚Ã³wki nasze ğŸ‘ğŸ» #Artykul7 https://t.co/RGICB2XFQ8";"Wed Dec 20 20:54:38 +0000 2017";"12";"47";"623342";"Artykul7"
"JaroslawKuzniar";"Czym jest #ArtykuÅ‚7 nazywany broniÄ… atomowÄ… #UE @Onet_100 tÅ‚umaczy to w sto sekund ğŸ‡ªğŸ‡º https://t.co/QK1hoBkJQM";"Wed Dec 20 17:41:34 +0000 2017";"35";"57";"623342";"ArtykuÅ‚7:UE"
"JaroslawKuzniar";"SamobÃ³jstwo doskonaÅ‚e ğŸ‘ğŸ» https://t.co/Br7AAhIwpm";"Wed Dec 20 16:52:14 +0000 2017";"49";"297";"623342";""
"JaroslawKuzniar";"Lepszej wykÅ‚adni rzÄ…d #PiS nie znajdzie ğŸ¤›ğŸ» #Bruksela https://t.co/S5MCER352j";"Wed Dec 20 14:54:29 +0000 2017";"22";"147";"623342";"PiS:Bruksela"
"JaroslawKuzniar";"Dialog czyli nie-monolog @KSzczerski https://t.co/PJVhY4VCPD";"Wed Dec 20 13:30:37 +0000 2017";"1";"13";"623342";""
"JaroslawKuzniar";"Wychodzi na to, Å¼e zostajemy gÅ‚u...si nawet po szkodzie ğŸ‘ğŸ» @MorawieckiM https://t.co/9lNIiET5FY";"Wed Dec 20 13:29:25 +0000 2017";"2";"31";"623342";""
"JaroslawKuzniar";"Warto byÅ‚o pÄ™dziÄ‡ na opÅ‚atek do #PiS @MorawieckiM ğŸ‘ğŸ» https://t.co/DeF1cl4ryf";"Wed Dec 20 12:08:33 +0000 2017";"9";"36";"623342";"PiS"
"JaroslawKuzniar";"PILNE #Bruksela rusza na PolskÄ™. Paskowy Kurskiego oszaleje ğŸ¤­ https://t.co/t9ciCGIxEF";"Wed Dec 20 11:37:57 +0000 2017";"16";"112";"623342";"Bruksela"
"JaroslawKuzniar";"Profesor Ewa #ÅÄ™towska w @OnetRano w dniu decyzji Brukseli #WolneSady  https://t.co/9OaXSOXnxq";"Wed Dec 20 06:14:54 +0000 2017";"0";"2";"623342";"ÅÄ™towska:WolneSady"
"JaroslawKuzniar";"Szef #PO @SchetynadlaPO w @OnetRano o 8:00 ğŸ‘‰ğŸ» ğŸ–¥ğŸ’»ğŸ“± #Wszedzie https://t.co/7gBycysKXS";"Wed Dec 20 06:01:15 +0000 2017";"0";"6";"623342";"PO:Wszedzie"
"JaroslawKuzniar";"Santa @BarackObama ğŸ˜‰ https://t.co/FurwEBtUS0";"Wed Dec 20 05:45:15 +0000 2017";"18";"70";"623342";""
"JaroslawKuzniar";"DzieÅ„ dobry ğŸ’ªğŸ» W @OnetRano silny skÅ‚ad ğŸ‘‰ğŸ» @SchetynadlaPO, profesor Ewa ÅÄ™towska, Ramona Rey, Zuzanna Butryn i Hannaâ€¦ https://t.co/gi93bFRglR";"Wed Dec 20 05:07:48 +0000 2017";"7";"28";"623342";""
"JaroslawKuzniar";"Nareszcie nie uroniÄ™ ani kropli kawy przed @OnetRano ğŸ˜‰ #DzienDobry https://t.co/yGVnQOmazM";"Wed Dec 20 05:03:18 +0000 2017";"4";"15";"623342";"DzienDobry"
"JaroslawKuzniar";"Tylko ciemny lud to kupi ğŸ‘‰ğŸ» https://t.co/HHXak3LDCS https://t.co/cg7JiYDbQu";"Tue Dec 19 19:21:38 +0000 2017";"8";"75";"623342";""
"JaroslawKuzniar";"Szaro za oknem? Nie Å¼artujcie, spacerujcie po #TremblorRange #podroze #goforworld  https://t.co/wb1d2kk663";"Tue Dec 19 15:58:23 +0000 2017";"2";"9";"623342";"TremblorRange:podroze:goforworld"
"JaroslawKuzniar";"KoÅ›ciÃ³Å‚ do modlitwy tylko w zimie...#podroze #goforworld #Tatry https://t.co/KA3gAc7HVo";"Tue Dec 19 14:40:14 +0000 2017";"4";"20";"623342";"podroze:goforworld:Tatry"
"JaroslawKuzniar";"Zaklikiwali siÄ™ Czytelnicy w ten tekst najmocniej na #goforworld w ostatnich godzinach. Ja im siÄ™ nie dziwiÄ™ ğŸ˜œâ€¦ https://t.co/2XBse95Zbu";"Tue Dec 19 10:57:00 +0000 2017";"0";"15";"623342";"goforworld"
"JaroslawKuzniar";"Ciut jasniej niÅ¼ w Warszawie teraz #Singapur #podroze #goforworld https://t.co/nvr1eLmPeN";"Tue Dec 19 10:42:50 +0000 2017";"1";"11";"623342";"Singapur:podroze:goforworld"
"JaroslawKuzniar";"WszÄ™dzie te fejki jak nie fejki ğŸ¤¦ğŸ¼â€â™‚ï¸ https://t.co/ODdjDlGJGM";"Tue Dec 19 08:23:35 +0000 2017";"3";"24";"623342";""
"JaroslawKuzniar";"Szukam Polski drogie Panie... https://t.co/VIcyDsugWd";"Tue Dec 19 05:53:36 +0000 2017";"3";"16";"623342";""
"JaroslawKuzniar";"I wszysko jasne. ZaczÄ™Å‚o siÄ™ od carycy ğŸ¤¦ğŸ¼â€â™‚ï¸ #Suski #Ogorek #Intelekt https://t.co/YQqxBFxWgn";"Tue Dec 19 05:41:35 +0000 2017";"54";"341";"623342";"Suski:Ogorek:Intelekt"
"JaroslawKuzniar";"Prawie jak na Marsie. A to tylko hotel na pustyni w #Jordania #goforworld  https://t.co/dYBoiukojK";"Tue Dec 19 05:38:43 +0000 2017";"1";"11";"623342";"Jordania:goforworld"
"JaroslawKuzniar";"Na myÅ›l o @OnetRano organizm wariuje ğŸ˜‰ #DzienDobry https://t.co/kKxM9GfwLw";"Tue Dec 19 05:37:08 +0000 2017";"0";"30";"623342";"DzienDobry"
"JaroslawKuzniar";"Szanowna @KempaBeata ğŸ¤­ https://t.co/dNk03LPV7p";"Mon Dec 18 22:04:16 +0000 2017";"9";"89";"623342";""
"JaroslawKuzniar";"ğŸ¤­ â€šA ktÃ³ry to TwÃ³j szef?â€™ pyta Zofia na onetowym wigilijnym spotkaniu. PokazujÄ™ @AKutela i mÃ³wiÄ™ â€šon tu jest najwaÅ¼â€¦ https://t.co/EsoXjSylCx";"Mon Dec 18 21:55:38 +0000 2017";"1";"118";"623342";""
"JaroslawKuzniar";"Na zÅ‚y smogowy czas... mamy odtrutkÄ™ #podroze #goforworld #smog https://t.co/ZYKhUqZNU9";"Mon Dec 18 21:47:05 +0000 2017";"4";"22";"623342";"podroze:goforworld:smog"
"JaroslawKuzniar";"Nie chciaÅ‚em czekaÄ‡ do rana... kiedy bÄ™dzie Å›cisk w warszawskim metrze... zobaczcie to cudo w #Sydney #podrozeâ€¦ https://t.co/oyPeys9yiK";"Mon Dec 18 21:22:45 +0000 2017";"3";"38";"623342";"Sydney:podroze"
"JaroslawKuzniar";"Szanowna @j_kopcinska gratulujÄ™ nowej roli Rzecznika RzÄ…du. Zapraszam do @OnetRano #Zawsze Pani poprzednicy mieli zâ€¦ https://t.co/PJ1w1U4Q2W";"Mon Dec 18 19:44:12 +0000 2017";"4";"41";"623342";"Zawsze"
"JaroslawKuzniar";"Profesor @LBalcerowicz jutro w @OnetRano 7:55 #Wszedzie ğŸ“±ğŸ’»ğŸ–¥ #OnetRANO https://t.co/Xo7KFCyYvE";"Mon Dec 18 19:11:35 +0000 2017";"5";"26";"623342";"Wszedzie:OnetRANO"
"JaroslawKuzniar";"Ja bym oglÄ…daÅ‚ ğŸ˜‰ @OnetRano  https://t.co/9CIWGTyDcM";"Mon Dec 18 08:22:30 +0000 2017";"1";"6";"623342";""
"JaroslawKuzniar";"NajwiÄ™ksze lotnisko Å›wiata zaczyna odÅ¼ywaÄ‡ po mega awarii prÄ…du ğŸ¤›ğŸ» @ATLairport https://t.co/6iX7oCDrCp";"Mon Dec 18 06:20:10 +0000 2017";"0";"4";"623342";""
"JaroslawKuzniar";"PoÅ¼egnanie z #Austria ğŸ‡¦ğŸ‡¹ i #OnetOnTour Åzy otarte i od 7:55 zapraszam do @OnetRano ale juÅ¼ teraz parzÄ…c sobie kawÄ™â€¦ https://t.co/QGHnEtnLIG";"Mon Dec 18 05:22:53 +0000 2017";"4";"32";"623342";"Austria:OnetOnTour"
"JaroslawKuzniar";"To jest jakieÅ› rozwiÄ…zanie ğŸ˜‰ #DobregoDnia @OnetRano poleca siÄ™ od 7:55 #Wszedzie ğŸ‘‰ğŸ» ğŸ“±ğŸ’»ğŸ–¥ https://t.co/RrTQH6cPVi";"Mon Dec 18 05:04:42 +0000 2017";"2";"23";"623342";"DobregoDnia:Wszedzie"
"JaroslawKuzniar";"Wywiad Å¼ycia ğŸ˜‰  https://t.co/1RkM0ToPFn";"Sun Dec 17 12:14:22 +0000 2017";"27";"136";"623342";""
"JaroslawKuzniar";"PodeÅ›lÄ™ inspiracje na niedzielny obiad ğŸ˜‰ #podroze #gofortaste #goforworld https://t.co/Rspu0tdKlw";"Sun Dec 17 08:28:48 +0000 2017";"0";"15";"623342";"podroze:gofortaste:goforworld"
"JaroslawKuzniar";"Tak, to #Fake ale jaki nie fake ğŸ˜‰ https://t.co/3WMQedh8Gf";"Sun Dec 17 08:16:48 +0000 2017";"29";"251";"623342";"Fake"
"JaroslawKuzniar";"Zamiast siedzieÄ‡ przy garach austriackie kobiety obsÅ‚ugujÄ… turystÃ³w w hotelach i na wyciÄ…gach narciarskich ğŸ¤­â€¦ https://t.co/3D0gXsuWeE";"Sun Dec 17 07:18:07 +0000 2017";"8";"85";"623342";""
"JaroslawKuzniar";"ğŸ‡¦ğŸ‡¹ Austria siÄ™ budzi do Å¼ycia! Przede mnÄ… spotkanie NA Å»YWO z Widzami @onetpodroze i powrÃ³t do Domu. â˜•ï¸ wskazana. Dâ€¦ https://t.co/sZFNpFrniq";"Sun Dec 17 06:24:12 +0000 2017";"0";"15";"623342";""
"JaroslawKuzniar";"ğŸ¤­ Super sprawa ğŸ“– Pierwszy nakÅ‚ad zniknÄ…Å‚ w sekundÄ™, ale za chwilÄ™ przyjeÅ¼dÅ¼a drugi ğŸ˜‰ ÅšmiaÅ‚o moÅ¼ecie zamawiaÄ‡ juÅ¼ teâ€¦ https://t.co/aiZJPr4ri3";"Sat Dec 16 19:36:27 +0000 2017";"1";"14";"623342";""
"JaroslawKuzniar";"Moje odkrycie na #OnetOnTour w #Austria ğŸ‡¦ğŸ‡¹ #Fatbike NajdÅ‚uÅ¼sze trasy w Europie âœŠğŸ» https://t.co/ESfU6LBeBK";"Sat Dec 16 18:49:26 +0000 2017";"1";"96";"623342";"OnetOnTour:Austria:Fatbike"
"JaroslawKuzniar";"Skrajna prawica za kasÄ™ Kremla w #Austria ğŸ‡¦ğŸ‡¹ bierze waÅ¼ne resorty. Nasi rozmÃ³wcy mÃ³wiÄ… to, co my po wygranej #PiS https://t.co/76PTOhuZIv";"Sat Dec 16 15:19:39 +0000 2017";"11";"11";"623342";"Austria:PiS"
"JaroslawKuzniar";"Z ukÅ‚onami z #Austria ğŸ‡¦ğŸ‡¹ #OnetOnTour ğŸ‘‰ğŸ» https://t.co/bpqljfP2Hb https://t.co/llNRIRONUY";"Sat Dec 16 15:09:10 +0000 2017";"2";"17";"623342";"Austria:OnetOnTour"
"JaroslawKuzniar";"Wieczorem koÅ„czymy zdjÄ™cia dla #OntOnTour w #Austria ğŸ‡¦ğŸ‡¹ Ale ja tu jeszcze wrÃ³cÄ™ ğŸ˜‰#goforworld #podroze https://t.co/1KjsG0eLSe";"Sat Dec 16 11:03:06 +0000 2017";"1";"13";"623342";"OntOnTour:Austria:goforworld:podroze"
"JaroslawKuzniar";"PiÄ™kny kawaÅ‚ek sztuki #StreetArt #podroze #goforworld https://t.co/fH2c7v00el https://t.co/mKjmsrEjlz";"Sat Dec 16 10:57:01 +0000 2017";"3";"16";"623342";"StreetArt:podroze:goforworld"
"JaroslawKuzniar";"Rozrzucone po caÅ‚ym Å›wicie. Ale z legendÄ… wypisanÄ… w kamieniu #podroze #goforworld https://t.co/dKC4POBfc7 https://t.co/Gum8kT8gal";"Sat Dec 16 10:23:02 +0000 2017";"1";"9";"623342";"podroze:goforworld"
"JaroslawKuzniar";"SprÃ³bujcie w #Austria ğŸ‡¦ğŸ‡¹ #fatbike zamiast  â›· #OnetOnTour https://t.co/uThMLaUe5x";"Sat Dec 16 10:18:25 +0000 2017";"5";"40";"623342";"Austria:fatbike:OnetOnTour"
"JaroslawKuzniar";"ğŸš‚ Unia Europejska oficjalnie zaakceptowaÅ‚a pomysÅ‚ na bezpÅ‚atne bilety kolejowe Interrail #podroze #goforworld https://t.co/c00D1XwAzu";"Sat Dec 16 09:07:07 +0000 2017";"6";"16";"623342";"podroze:goforworld"
"JaroslawKuzniar";"Z austriackich planÃ³w mamy jeszcze takie #Kitzbuhel ğŸ‡¦ğŸ‡¹ #podroze #OnetOnTour https://t.co/2k6EwNcFS1";"Sat Dec 16 08:47:00 +0000 2017";"0";"9";"623342";"Kitzbuhel:podroze:OnetOnTour"
"JaroslawKuzniar";"Kciuki mile widziane âœŠğŸ» #OnetOnTour ğŸ‡¦ğŸ‡¹ https://t.co/t18Dkk5vJu";"Sat Dec 16 08:18:12 +0000 2017";"4";"164";"623342";"OnetOnTour"
"JaroslawKuzniar";"Od ""co za miejsce!"" do ""nie, na #Kamczatka siÄ™ nie wybieramy"" sÅ‚yszÄ™ od PodrÃ³Å¼nikÃ³w goforworld. SzanujÄ™ kaÅ¼dÄ… wÄ…tplâ€¦ https://t.co/1bqmCze8fZ";"Sat Dec 16 08:17:11 +0000 2017";"1";"11";"623342";"Kamczatka"
"JaroslawKuzniar";"Pierwsze zjazdy na â›· mam w tym sezonie jeszcze przed #Duda #Austria ğŸ‡¦ğŸ‡¹ #podroze #Trvel https://t.co/wRu1ulmDN0";"Sat Dec 16 08:07:03 +0000 2017";"0";"21";"623342";"Duda:Austria:podroze:Trvel"
"JaroslawKuzniar";"WracajÄ…c do #Austria na ğŸ¿ warto przystanÄ…Ä‡ na kawÄ™, muzykÄ™ i spacer #Salzburg #podroze #goforworld https://t.co/aCrqbNV2m7";"Sat Dec 16 07:53:06 +0000 2017";"0";"17";"623342";"Austria:Salzburg:podroze:goforworld"
"JaroslawKuzniar";"Plany Ekipy #OnetOnTour na wieczÃ³r ğŸ‘ğŸ» #Austria ğŸ‡¦ğŸ‡¹ #Christmas ğŸ„#Travel #Podroze https://t.co/5wvRTODZAh";"Sat Dec 16 07:17:02 +0000 2017";"0";"6";"623342";"OnetOnTour:Austria:Christmas:Travel:Podroze"
"JaroslawKuzniar";"W drodze na narty â›· w #Austria ğŸ‡¦ğŸ‡¹ zatrzymajcie siÄ™ tu na chwilÄ™ #goforworld #podroze https://t.co/VOopyvvPm0";"Sat Dec 16 06:48:10 +0000 2017";"1";"10";"623342";"Austria:goforworld:podroze"
"JaroslawKuzniar";"DzieÅ„ dobry z #Austria ğŸ‡¦ğŸ‡¹ Zanim ruszÄ™ na stok na #Fatbike (i nie wiem czy wrÃ³cÄ™:)) stawiam kawÄ™ ğŸ’ Mamy na goforworlâ€¦ https://t.co/Dz8DJZg86c";"Sat Dec 16 06:08:14 +0000 2017";"1";"34";"623342";"Austria:Fatbike"
"JaroslawKuzniar";"O tym teÅ¼ sÅ‚yszymy od naszych rozmÃ³wcÃ³w w #Austria ğŸ‡¦ğŸ‡¹ KonserwatyÅ›ci i skrajna prawica dobili targu ğŸ˜• #OnetOnTour https://t.co/qfMyikem1w";"Fri Dec 15 21:16:57 +0000 2017";"1";"6";"623342";"Austria:OnetOnTour"
"JaroslawKuzniar";"ğŸ‘ğŸ» @EmmanuelMacron https://t.co/tF8fSZ6hfl";"Fri Dec 15 13:36:40 +0000 2017";"4";"50";"623342";""
"JaroslawKuzniar";"PodrÃ³Å¼ podszyta skrajnÄ… odwagÄ… #podroze #goforworld https://t.co/6f7YnONuzP";"Fri Dec 15 07:44:52 +0000 2017";"1";"10";"623342";"podroze:goforworld"
"JaroslawKuzniar";"AleÅ¼ zdjÄ™cia! A nie to grafika... zobaczcie jak autentyczna #podroze #streetart #goforworld https://t.co/I6iTg4cHGH";"Fri Dec 15 06:28:28 +0000 2017";"2";"16";"623342";"podroze:streetart:goforworld"
"JaroslawKuzniar";"A my NA Å»YWO z #Austria okoÅ‚o 9:00 ğŸ¿Â Jak nas nie zasypie ğŸ‡¦ğŸ‡¹ #OnetRano &amp; #OnetOnTour https://t.co/i8k8rtW4qN";"Fri Dec 15 06:27:31 +0000 2017";"0";"8";"623342";"Austria:OnetRano:OnetOnTour"
"JaroslawKuzniar";"Odkopujemy siÄ™ spod Å›niegu w #Austria ğŸ‡¦ğŸ‡¹ i zaczynamy prace na planie #OnetOnTour ğŸ¿ğŸ‚â›· Jakie macie, narciarze, wspomnâ€¦ https://t.co/qExOM9KaXU";"Fri Dec 15 05:58:42 +0000 2017";"4";"19";"623342";"Austria:OnetOnTour"
"JaroslawKuzniar";"Pusta senacka sala przy tym gÅ‚osie rozsÄ…dku jest tak Å¼enujÄ…ca... #wolnewybory #wolnesady via @PolsatNewsPL https://t.co/eJWrYiWEQL";"Thu Dec 14 22:50:04 +0000 2017";"60";"210";"623342";"wolnewybory:wolnesady"
"JaroslawKuzniar";"Koledzy z #OnetOnTour mnie znienawidzÄ… (sÄ… w pokoju obok ğŸ¤­) ale na chwilÄ™ z gÃ³r w #Austria uciekÅ‚bym na IslandiÄ™ ğŸ‡®ğŸ‡¸â€¦ https://t.co/pq67GrqcbZ";"Thu Dec 14 21:15:56 +0000 2017";"0";"14";"623342";"OnetOnTour:Austria"
"JaroslawKuzniar";"Izba Bezrefleksji ğŸ˜• https://t.co/kk5AhINMpg";"Thu Dec 14 16:30:13 +0000 2017";"6";"22";"623342";""
"JaroslawKuzniar";"Uciekam z @ChopinAirport do #Austria na #OnetOnTour ğŸ‘ŠğŸ»â›·ğŸ›·ğŸ‚ PonoÄ‡ tam piÄ™knie zasypaÅ‚o Å›niegiem â„ï¸Pokazujemy na ğŸ‘‰ğŸ» onâ€¦ https://t.co/I7ULzKqzbI";"Thu Dec 14 14:27:06 +0000 2017";"0";"24";"623342";"Austria:OnetOnTour"
